/*
SQLyog Ultimate v13.1.1 (64 bit)
MySQL - 8.0.27 : Database - base_upms
*********************************************************************
*/

/*!40101 SET NAMES utf8 */;

/*!40101 SET SQL_MODE=''*/;

/*!40014 SET @OLD_UNIQUE_CHECKS=@@UNIQUE_CHECKS, UNIQUE_CHECKS=0 */;
/*!40014 SET @OLD_FOREIGN_KEY_CHECKS=@@FOREIGN_KEY_CHECKS, FOREIGN_KEY_CHECKS=0 */;
/*!40101 SET @OLD_SQL_MODE=@@SQL_MODE, SQL_MODE='NO_AUTO_VALUE_ON_ZERO' */;
/*!40111 SET @OLD_SQL_NOTES=@@SQL_NOTES, SQL_NOTES=0 */;
CREATE DATABASE /*!32312 IF NOT EXISTS*/`base_upms` /*!40100 DEFAULT CHARACTER SET utf8mb4 COLLATE utf8mb4_general_ci */ /*!80016 DEFAULT ENCRYPTION='N' */;

USE `base_upms`;

/*Table structure for table `gen_table` */

DROP TABLE IF EXISTS `gen_table`;

CREATE TABLE `gen_table` (
  `id` varchar(32) CHARACTER SET utf8mb4 COLLATE utf8mb4_0900_ai_ci NOT NULL COMMENT 'PK',
  `del_flag` char(2) CHARACTER SET utf8mb4 COLLATE utf8mb4_0900_ai_ci NOT NULL DEFAULT '0' COMMENT '逻辑删除标记（0：显示；1：隐藏）',
  `create_time` datetime NOT NULL DEFAULT CURRENT_TIMESTAMP COMMENT '创建时间',
  `update_time` timestamp NOT NULL DEFAULT CURRENT_TIMESTAMP ON UPDATE CURRENT_TIMESTAMP COMMENT '最后更新时间',
  `create_id` varchar(32) CHARACTER SET utf8 COLLATE utf8_general_ci DEFAULT NULL COMMENT '创建者ID',
  `table_name` varchar(200) DEFAULT '' COMMENT '表名',
  `table_comment` varchar(500) DEFAULT '' COMMENT '表描述',
  `package_name` varchar(100) DEFAULT NULL COMMENT '生成包路径',
  `module_name` varchar(30) DEFAULT NULL COMMENT '生成模块名',
  `author` varchar(50) DEFAULT NULL COMMENT '作者',
  `table_prefix` varchar(50) DEFAULT NULL COMMENT '表前缀',
  `gen_key` varchar(50) NOT NULL COMMENT '服务的路由key',
  PRIMARY KEY (`id`) USING BTREE,
  UNIQUE KEY `uk_table_name` (`table_name`)
) ENGINE=InnoDB DEFAULT CHARSET=utf8mb4 COLLATE=utf8mb4_0900_ai_ci ROW_FORMAT=DYNAMIC COMMENT='代码生成配置表';

/*Data for the table `gen_table` */

insert  into `gen_table`(`id`,`del_flag`,`create_time`,`update_time`,`create_id`,`table_name`,`table_comment`,`package_name`,`module_name`,`author`,`table_prefix`,`gen_key`) values 
('1255750807946391554','0','2020-04-30 14:48:18','2020-04-30 14:48:18',NULL,'gen_table','','com.joolun.cloud.mall','admin','','','mall'),
('1255753730952654849','0','2020-04-30 14:59:54','2020-04-30 14:59:54',NULL,'sys_config_editor','','','','','','457'),
('1255820343672320001','0','2020-04-30 19:24:36','2020-04-30 19:24:36',NULL,'sys_role','','','','','','weixin'),
('1255821032897130498','0','2020-04-30 19:27:20','2020-04-30 19:27:20',NULL,'sys_dict_value','','','','','','upms'),
('1331823256849698817','0','2020-11-26 12:53:03','2020-11-26 12:53:03',NULL,'sys_log_login','','com.joolun.cloud','gitea','','','gitea'),
('1333654394106875906','0','2020-12-01 14:09:20','2020-12-01 14:09:20',NULL,'license_info','','com.joolun.cloud','gitea','','','gitea'),
('1333970695199145985','0','2020-12-02 11:06:12','2020-12-02 11:06:12',NULL,'user_info','用户','com.joolun.cloud','gitea','','','gitea'),
('1334059854043561985','0','2020-12-02 17:00:29','2020-12-02 17:00:29',NULL,'user','gitea用户','com.joolun.cloud','gitea','','','gitea'),
('1337995428844601346','0','2020-12-02 11:06:12','2020-12-02 11:06:12',NULL,'illegal_login','','com.joolun.cloud.gitea','admin','','','gitea');

/*Table structure for table `sys_config_editor` */

DROP TABLE IF EXISTS `sys_config_editor`;

CREATE TABLE `sys_config_editor` (
  `id` varchar(32) CHARACTER SET utf8mb4 COLLATE utf8mb4_0900_ai_ci NOT NULL COMMENT 'PK',
  `tenant_id` varchar(32) CHARACTER SET utf8mb4 COLLATE utf8mb4_0900_ai_ci NOT NULL COMMENT '所属租户',
  `del_flag` char(2) CHARACTER SET utf8mb4 COLLATE utf8mb4_0900_ai_ci NOT NULL DEFAULT '0' COMMENT '逻辑删除标记（0：显示；1：隐藏）',
  `create_time` datetime NOT NULL DEFAULT CURRENT_TIMESTAMP COMMENT '创建时间',
  `update_time` timestamp NOT NULL DEFAULT CURRENT_TIMESTAMP ON UPDATE CURRENT_TIMESTAMP COMMENT '最后更新时间',
  `editor_type` char(2) CHARACTER SET utf8mb4 COLLATE utf8mb4_bin NOT NULL COMMENT '编辑器类型1、quill-editor；2、froala',
  PRIMARY KEY (`id`) USING BTREE,
  UNIQUE KEY `uk_tenant_id` (`tenant_id`)
) ENGINE=InnoDB DEFAULT CHARSET=utf8mb4 COLLATE=utf8mb4_bin ROW_FORMAT=DYNAMIC COMMENT='编辑器配置';

/*Data for the table `sys_config_editor` */

insert  into `sys_config_editor`(`id`,`tenant_id`,`del_flag`,`create_time`,`update_time`,`editor_type`) values 
('1226761439705792514','1','0','2020-02-10 14:54:54','2020-02-10 14:54:54','1');

/*Table structure for table `sys_config_storage` */

DROP TABLE IF EXISTS `sys_config_storage`;

CREATE TABLE `sys_config_storage` (
  `id` varchar(32) CHARACTER SET utf8mb4 COLLATE utf8mb4_0900_ai_ci NOT NULL COMMENT 'PK',
  `tenant_id` varchar(32) CHARACTER SET utf8mb4 COLLATE utf8mb4_0900_ai_ci NOT NULL COMMENT '所属租户',
  `del_flag` char(2) CHARACTER SET utf8mb4 COLLATE utf8mb4_0900_ai_ci NOT NULL DEFAULT '0' COMMENT '逻辑删除标记（0：显示；1：隐藏）',
  `create_time` datetime NOT NULL DEFAULT CURRENT_TIMESTAMP COMMENT '创建时间',
  `update_time` timestamp NOT NULL DEFAULT CURRENT_TIMESTAMP ON UPDATE CURRENT_TIMESTAMP COMMENT '最后更新时间',
  `storage_type` char(2) CHARACTER SET utf8mb4 COLLATE utf8mb4_bin NOT NULL COMMENT '存储类型1、阿里OSS；2、七牛云；3、minio',
  `endpoint` varchar(64) CHARACTER SET utf8mb4 COLLATE utf8mb4_bin DEFAULT NULL COMMENT '地域节点',
  `access_key_id` varchar(64) CHARACTER SET utf8mb4 COLLATE utf8mb4_bin DEFAULT NULL COMMENT 'access_key',
  `access_key_secret` varchar(64) CHARACTER SET utf8mb4 COLLATE utf8mb4_bin DEFAULT NULL COMMENT 'access_secret',
  `bucket` varchar(64) CHARACTER SET utf8mb4 COLLATE utf8mb4_bin DEFAULT NULL COMMENT '域名',
  `water_mark_content` varchar(64) CHARACTER SET utf8mb4 COLLATE utf8mb4_bin DEFAULT NULL COMMENT '图片水印内容',
  PRIMARY KEY (`id`) USING BTREE,
  UNIQUE KEY `uk_tenant_id` (`tenant_id`)
) ENGINE=InnoDB DEFAULT CHARSET=utf8mb4 COLLATE=utf8mb4_bin ROW_FORMAT=DYNAMIC COMMENT='存储配置';

/*Data for the table `sys_config_storage` */

/*Table structure for table `sys_datasource` */

DROP TABLE IF EXISTS `sys_datasource`;

CREATE TABLE `sys_datasource` (
  `id` varchar(32) CHARACTER SET utf8mb4 COLLATE utf8mb4_0900_ai_ci NOT NULL COMMENT '主键',
  `name` varchar(255) CHARACTER SET utf8mb4 COLLATE utf8mb4_0900_ai_ci DEFAULT NULL COMMENT '名称',
  `url` varchar(500) CHARACTER SET utf8mb4 COLLATE utf8mb4_0900_ai_ci DEFAULT NULL,
  `username` varchar(255) CHARACTER SET utf8mb4 COLLATE utf8mb4_0900_ai_ci DEFAULT NULL,
  `password` varchar(255) CHARACTER SET utf8mb4 COLLATE utf8mb4_0900_ai_ci DEFAULT NULL,
  `create_time` datetime DEFAULT CURRENT_TIMESTAMP COMMENT '创建时间',
  `update_time` datetime DEFAULT CURRENT_TIMESTAMP ON UPDATE CURRENT_TIMESTAMP COMMENT '更新',
  `del_flag` char(50) CHARACTER SET utf8mb4 COLLATE utf8mb4_0900_ai_ci DEFAULT '0' COMMENT '逻辑删除标记（0：显示；1：隐藏）',
  `tenant_id` varchar(32) CHARACTER SET utf8mb4 COLLATE utf8mb4_0900_ai_ci NOT NULL COMMENT '租户ID',
  PRIMARY KEY (`id`) USING BTREE
) ENGINE=InnoDB DEFAULT CHARSET=utf8mb4 COLLATE=utf8mb4_0900_ai_ci ROW_FORMAT=DYNAMIC COMMENT='数据源表';

/*Data for the table `sys_datasource` */

/*Table structure for table `sys_dict` */

DROP TABLE IF EXISTS `sys_dict`;

CREATE TABLE `sys_dict` (
  `id` varchar(32) CHARACTER SET utf8 COLLATE utf8_general_ci NOT NULL COMMENT '编号',
  `type` varchar(100) CHARACTER SET utf8 COLLATE utf8_general_ci NOT NULL COMMENT '类型',
  `description` varchar(100) CHARACTER SET utf8 COLLATE utf8_general_ci NOT NULL COMMENT '描述',
  `create_time` timestamp NOT NULL DEFAULT CURRENT_TIMESTAMP COMMENT '创建时间',
  `update_time` timestamp NOT NULL DEFAULT CURRENT_TIMESTAMP ON UPDATE CURRENT_TIMESTAMP COMMENT '更新时间',
  `remarks` varchar(255) CHARACTER SET utf8 COLLATE utf8_general_ci DEFAULT NULL COMMENT '备注信息',
  `del_flag` char(1) CHARACTER SET utf8 COLLATE utf8_general_ci NOT NULL DEFAULT '0' COMMENT '逻辑删除标记（0：显示；1：隐藏）',
  PRIMARY KEY (`id`) USING BTREE,
  KEY `sys_dict_del_flag` (`del_flag`) USING BTREE
) ENGINE=InnoDB DEFAULT CHARSET=utf8mb3 ROW_FORMAT=DYNAMIC COMMENT='字典表';

/*Data for the table `sys_dict` */

insert  into `sys_dict`(`id`,`type`,`description`,`create_time`,`update_time`,`remarks`,`del_flag`) values 
('1','log_type','日志类型','2019-01-22 11:06:44','2019-07-25 16:30:52','异常、正常','0'),
('11','wx_rep_type','微信回复消息类型','2019-04-12 16:46:24','2019-07-25 16:30:55','text：文本；image：图片；voice：语音；video：视频；music：音乐；news：图文','0'),
('12','wx_req_type','微信请求消息类型','2019-04-04 10:23:41','2019-07-25 16:30:58','text：文本；image：图片；voice：语音；video：视频；shortvideo：小视频；location：地理位置；event：事件推送','0'),
('1224310636680245250','storage_type','存储类型','2020-02-03 20:36:17','2020-02-03 20:36:17',NULL,'0'),
('1226758602905022466','editor_type','文本编辑器','2020-02-10 14:43:37','2020-02-10 14:43:37',NULL,'0'),
('13','wx_rep_mate','微信回复类型文本匹配类型','2019-04-13 11:11:57','2019-07-25 16:31:00','微信回复类型文本匹配类型','0'),
('14','weixin_type','公众号类型','2019-04-12 09:35:56','2019-07-25 16:31:05','公众号类型','0'),
('15','wx_qr_scene_str','微信二维码扫码场景','2019-04-29 11:50:57','2019-06-11 21:34:24','微信二维码扫码场景','0'),
('17','wx_subscribe','微信用户关注状态','2019-06-02 10:21:59','2019-06-11 21:34:24','微信用户关注状态','0'),
('18','wx_subscribe_scene','微信用户关注渠道','2019-06-02 10:27:25','2019-06-11 21:34:24','微信用户关注渠道','0'),
('19','wx_sex','微信性别','2019-06-02 10:31:16','2019-06-11 21:34:24','微信性别','0'),
('2','third_party_type','第三方登录类型','2019-03-19 11:09:44','2019-06-11 21:34:24','微信、QQ','0'),
('20','yes_no','是/否','2019-06-09 12:37:37','2019-06-11 21:34:24','是/否','0'),
('21','wx_event','微信事件类型','2019-06-09 12:42:02','2019-06-11 21:34:24','微信事件类型','0'),
('24','wx_verify_type','认证类型','2019-06-25 10:27:39','2019-06-25 10:27:39','认证类型','0'),
('26','wx_mass_msg_status','微信群发消息状态','2019-07-03 09:04:19','2019-07-03 09:04:19','微信群发消息状态','0'),
('3947ade00eea6517e2b66a1f7985fe1a','organ_type','机构类型','2019-07-25 18:29:07','2019-07-25 18:29:07','机构类型','0'),
('51aa2730eb17bca730cf7a50d9ce4b35','true_false','是/否','2019-07-31 09:20:45','2019-07-31 09:20:45',NULL,'0'),
('53372a6873b2d03e5fb8c1918de82d9f','authorized_grant_types','授权类型','2019-07-30 17:08:13','2019-07-30 17:08:13',NULL,'0'),
('6c5ab5650155a1b4cc3c1a2c881fa137','request_method','请求类型','2019-07-26 12:11:37','2019-07-26 12:11:37',NULL,'0');

/*Table structure for table `sys_dict_value` */

DROP TABLE IF EXISTS `sys_dict_value`;

CREATE TABLE `sys_dict_value` (
  `id` varchar(32) CHARACTER SET utf8 COLLATE utf8_general_ci NOT NULL COMMENT '编号',
  `dict_id` varchar(32) CHARACTER SET utf8 COLLATE utf8_general_ci NOT NULL COMMENT '字典ID',
  `value` varchar(100) CHARACTER SET utf8 COLLATE utf8_general_ci NOT NULL COMMENT '数据值',
  `label` varchar(100) CHARACTER SET utf8 COLLATE utf8_general_ci NOT NULL COMMENT '标签名',
  `type` varchar(100) CHARACTER SET utf8 COLLATE utf8_general_ci NOT NULL COMMENT '类型',
  `description` varchar(100) CHARACTER SET utf8 COLLATE utf8_general_ci DEFAULT NULL COMMENT '描述',
  `sort` int NOT NULL COMMENT '排序（升序）',
  `create_time` timestamp NOT NULL DEFAULT CURRENT_TIMESTAMP COMMENT '创建时间',
  `update_time` timestamp NOT NULL DEFAULT CURRENT_TIMESTAMP ON UPDATE CURRENT_TIMESTAMP COMMENT '更新时间',
  `remarks` varchar(255) CHARACTER SET utf8 COLLATE utf8_general_ci DEFAULT NULL COMMENT '备注信息',
  `del_flag` char(1) CHARACTER SET utf8 COLLATE utf8_general_ci NOT NULL DEFAULT '0' COMMENT '逻辑删除标记（0：显示；1：隐藏）',
  PRIMARY KEY (`id`) USING BTREE,
  KEY `sys_dict_value` (`value`) USING BTREE,
  KEY `sys_dict_label` (`label`) USING BTREE,
  KEY `sys_dict_del_flag` (`del_flag`) USING BTREE
) ENGINE=InnoDB DEFAULT CHARSET=utf8mb3 ROW_FORMAT=DYNAMIC COMMENT='字典项';

/*Data for the table `sys_dict_value` */

insert  into `sys_dict_value`(`id`,`dict_id`,`value`,`label`,`type`,`description`,`sort`,`create_time`,`update_time`,`remarks`,`del_flag`) values 
('1','1','9','异常','log_type','日志异常',1,'2019-03-19 11:08:59','2019-03-25 12:49:13','','0'),
('1224310769123782658','1224310636680245250','1','阿里OSS','storage_type','阿里OSS',1,'2020-02-03 20:36:48','2020-02-03 20:36:48',NULL,'0'),
('1224310831061069825','1224310636680245250','2','七牛云','storage_type','七牛云',2,'2020-02-03 20:37:03','2020-02-03 20:37:03',NULL,'0'),
('1224310888170713090','1224310636680245250','3','minio','storage_type','minio',4,'2020-02-03 20:37:17','2020-02-03 20:37:17',NULL,'0'),
('1226758708496625665','1226758602905022466','1','quill-editor','editor_type','quill-editor',1,'2020-02-10 14:44:02','2020-02-10 14:44:02',NULL,'0'),
('1226758779615244290','1226758602905022466','2','froala','editor_type','froala',2,'2020-02-10 14:44:19','2020-02-10 14:44:19',NULL,'0'),
('1227915814432108545','1224310636680245250','4','腾讯cos','storage_type','腾讯cos',3,'2020-02-13 19:21:58','2020-02-13 19:21:58',NULL,'0'),
('14758623adf70d753af951a5f4df0643','53372a6873b2d03e5fb8c1918de82d9f','authorization_code','授权码模式','authorized_grant_types','Web服务端应用与第三方移动App应用',0,'2019-07-30 17:11:08','2019-07-30 17:11:08',NULL,'0'),
('2','1','0','正常','log_type','日志正常',0,'2019-03-19 11:09:17','2019-03-25 12:49:18','','0'),
('29','11','text','文本','wx_rep_type','文本',1,'2019-04-23 16:47:14','2019-04-23 16:47:14','文本','0'),
('2f2a733749ead9eb7ad9d32b4930ca0c','3947ade00eea6517e2b66a1f7985fe1a','3','小组','organ_type','小组',2,'2019-07-25 21:45:06','2019-07-25 21:45:06','小组','0'),
('3','2','WX','微信','third_party_type','微信登录',0,'2019-03-19 11:10:02','2019-07-25 16:26:54','','0'),
('30','11','image','图片','wx_rep_type','图片',2,'2019-04-23 16:47:36','2019-04-23 16:47:36','图片','0'),
('30cb1469d0f571a7febb45c6e8386cdd','6c5ab5650155a1b4cc3c1a2c881fa137','POST','新增','request_method','新增',1,'2019-07-26 12:12:48','2019-07-26 12:12:48',NULL,'0'),
('31','11','voice','语音','wx_rep_type','语音',3,'2019-04-23 16:47:57','2019-04-23 16:47:57','语音','0'),
('32','11','video','视频','wx_rep_type','视频',4,'2019-04-23 16:48:12','2019-04-23 16:48:12','视频','0'),
('33','11','music','音乐','wx_rep_type','音乐',5,'2019-04-23 16:48:27','2019-04-23 16:48:27','音乐','0'),
('34','11','news','图文','wx_rep_type','图文',6,'2019-04-23 16:48:42','2019-04-23 16:48:42','图文','0'),
('35','12','text','文本','wx_req_type','文本',1,'2019-04-24 10:24:03','2019-04-24 10:24:03','文本','0'),
('36','12','image','图片','wx_req_type','图片',2,'2019-04-24 10:24:18','2019-04-24 10:24:18','图片','0'),
('37','12','voice','语音','wx_req_type','语音',3,'2019-04-24 10:24:32','2019-04-24 10:24:32','语音','0'),
('38','12','video','视频','wx_req_type','视频',4,'2019-04-24 10:24:46','2019-04-24 10:24:46','视频','0'),
('39','12','shortvideo','小视频','wx_req_type','小视频',5,'2019-04-24 10:25:01','2019-04-24 10:25:01','小视频','0'),
('4','2','QQ','QQ','third_party_type','QQ登录',1,'2019-03-19 11:10:14','2019-07-25 16:26:54','','0'),
('40','12','location','地理位置','wx_req_type','地理位置',6,'2019-04-24 10:25:15','2019-04-24 10:25:15','地理位置','0'),
('41','13','1','全匹配','wx_rep_mate','全匹配',1,'2019-04-24 11:12:12','2019-04-24 11:12:12','全匹配','0'),
('42','13','2','半匹配','wx_rep_mate','半匹配',2,'2019-04-24 11:12:26','2019-04-24 11:12:26','半匹配','0'),
('43','14','0','订阅号','weixin_type','订阅号',0,'2019-04-29 09:36:12','2019-06-21 09:49:12','订阅号','0'),
('44','14','2','服务号','weixin_type','服务号',1,'2019-04-29 09:36:30','2019-06-21 09:51:09','服务号','0'),
('45','14','1','老帐号升级后的订阅号','weixin_type','老帐号升级后的订阅号',2,'2019-04-29 09:36:41','2019-06-21 09:51:10','老帐号升级后的订阅号','0'),
('46','15','1','后台默认二维码','wx_qr_scene_str','后台默认二维码',1,'2019-04-29 11:51:51','2019-04-29 11:51:51','后台默认二维码','0'),
('471fccf38af3aca7d4a6ea9242de64f9','53372a6873b2d03e5fb8c1918de82d9f','refresh_token','刷新令牌','authorized_grant_types','刷新并延迟访问令牌时长',0,'2019-07-30 17:10:47','2019-07-30 17:10:47',NULL,'0'),
('55','12','link','链接消息','wx_req_type','链接消息',7,'2019-05-30 11:05:00','2019-05-30 11:05:00','链接消息','0'),
('56','17','1','已关注','wx_subscribe','已关注',0,'2019-06-02 10:23:46','2019-06-02 10:23:46','已关注','0'),
('57','17','0','取消关注','wx_subscribe','取消关注',1,'2019-06-02 10:24:11','2019-06-02 10:24:11','取消关注','0'),
('58','17','2','网页授权用户','wx_subscribe','网页授权用户',2,'2019-06-02 10:24:34','2019-06-02 10:24:34','网页授权用户','0'),
('59','18','ADD_SCENE_SEARCH','公众号搜索','wx_subscribe_scene','公众号搜索',0,'2019-06-02 10:28:04','2019-06-02 10:28:04','公众号搜索','0'),
('5b86d249fa9db2c9cde7b3793b516d44','53372a6873b2d03e5fb8c1918de82d9f','client_credentials','客户端模式','authorized_grant_types','没有用户参与的,内部服务端与第三方服务端',0,'2019-07-30 17:11:26','2019-07-30 17:11:26',NULL,'0'),
('5cd74c7e25a7358e18cb1778587c155d','51aa2730eb17bca730cf7a50d9ce4b35','false','否','true_false','假',0,'2019-07-31 09:21:28','2019-07-31 09:21:28',NULL,'0'),
('60','18','ADD_SCENE_ACCOUNT_MIGRATION','公众号迁移','wx_subscribe_scene','公众号迁移',1,'2019-06-02 10:28:21','2019-06-02 10:28:21','公众号迁移','0'),
('61','18','ADD_SCENE_PROFILE_CARD','名片分享','wx_subscribe_scene','名片分享',2,'2019-06-02 10:28:40','2019-06-02 10:28:40','名片分享','0'),
('62','18','ADD_SCENE_QR_CODE','扫描二维码','wx_subscribe_scene','扫描二维码',3,'2019-06-02 10:28:58','2019-06-02 10:28:58','扫描二维码','0'),
('63','18','ADD_SCENE_PROFILE_LINK','图文页内名称点击','wx_subscribe_scene','图文页内名称点击',4,'2019-06-02 10:29:18','2019-06-02 10:29:18','图文页内名称点击','0'),
('64','18','ADD_SCENE_PROFILE_ITEM','图文页右上角菜单','wx_subscribe_scene','图文页右上角菜单',5,'2019-06-02 10:29:36','2019-06-02 10:29:36','图文页右上角菜单','0'),
('65','18','ADD_SCENE_PAID','支付后关注','wx_subscribe_scene','支付后关注',7,'2019-06-02 10:29:50','2019-06-02 10:29:50','支付后关注','0'),
('66','18','ADD_SCENE_OTHERS','其他','wx_subscribe_scene','其他',7,'2019-06-02 10:30:06','2019-06-02 10:30:06','其他','0'),
('67','19','0','未知','wx_sex','未知',0,'2019-06-02 10:31:31','2019-06-02 10:31:31','未知','0'),
('68','19','1','男','wx_sex','男',1,'2019-06-02 10:31:43','2019-06-02 10:31:43','男','0'),
('69','19','2','女','wx_sex','女',2,'2019-06-02 10:31:55','2019-06-02 10:31:55','女','0'),
('70','12','event','事件推送','wx_req_type','事件推送',7,'2019-06-09 12:31:18','2019-06-09 12:31:18','事件推送','0'),
('705f57cfc5d58f6a9f71b880a2efdf76','6c5ab5650155a1b4cc3c1a2c881fa137','GET','查询','request_method','查询',4,'2019-07-26 12:13:49','2019-07-26 12:13:49',NULL,'0'),
('71','20','1','是','yes_no','是',0,'2019-06-09 12:37:54','2019-06-09 12:37:54','是','0'),
('72','20','0','否','yes_no','否',1,'2019-06-09 12:38:06','2019-06-09 12:38:06','否','0'),
('73','21','subscribe','关注','wx_event','关注',0,'2019-06-09 12:42:37','2019-06-09 12:42:37','关注','0'),
('74','21','unsubscribe','取关','wx_event','取关',1,'2019-06-09 12:42:55','2019-06-09 12:42:55','取关','0'),
('75','21','CLICK','点击菜单','wx_event','点击菜单',2,'2019-06-09 12:43:32','2019-06-09 12:43:32','点击菜单','0'),
('76','21','VIEW','点击菜单链接','wx_event','点击菜单链接',3,'2019-06-09 12:43:59','2019-06-09 12:43:59','点击菜单链接','0'),
('76064a463d0f06300dccfffb654d1fe9','53372a6873b2d03e5fb8c1918de82d9f','implicit','隐式授权','authorized_grant_types','Web网页应用或第三方移动App应用',0,'2019-07-30 17:13:41','2019-07-30 17:13:41',NULL,'0'),
('77','24','-1','未认证','wx_verify_type','未认证',0,'2019-06-25 10:28:39','2019-06-25 10:28:39','未认证','0'),
('78','24','0','微信认证','wx_verify_type','微信认证',1,'2019-06-25 10:28:56','2019-06-25 10:28:56','微信认证','0'),
('79','24','1','新浪微博认证','wx_verify_type','新浪微博认证',2,'2019-06-25 10:29:10','2019-06-25 10:29:10','新浪微博认证','0'),
('7a2d5f98b2f60fa309aa4dd69c111ea2','6c5ab5650155a1b4cc3c1a2c881fa137','PUT','修改','request_method','修改',2,'2019-07-26 12:12:18','2019-07-26 12:12:18',NULL,'0'),
('80','24','2','腾讯微博认证','wx_verify_type','腾讯微博认证',3,'2019-06-25 10:29:22','2019-06-25 10:29:22','腾讯微博认证','0'),
('81','24','3','已资质认证通过但还未通过名称认证','wx_verify_type','已资质认证通过但还未通过名称认证',4,'2019-06-25 10:29:38','2019-06-25 10:29:38','已资质认证通过但还未通过名称认证','0'),
('82','24','4','已资质认证通过、还未通过名称认证，但通过了新浪微博认证','wx_verify_type','已资质认证通过、还未通过名称认证，但通过了新浪微博认证',5,'2019-06-25 10:29:52','2019-06-25 10:29:52','已资质认证通过、还未通过名称认证，但通过了新浪微博认证','0'),
('83','24','5','已资质认证通过、还未通过名称认证，但通过了腾讯微博认证','wx_verify_type','已资质认证通过、还未通过名称认证，但通过了腾讯微博认证',6,'2019-06-25 10:30:05','2019-06-25 10:30:05','已资质认证通过、还未通过名称认证，但通过了腾讯微博认证','0'),
('86','26','SUB_SUCCESS','提交成功','wx_mass_msg_status','提交成功',0,'2019-07-03 09:04:47','2019-07-03 09:04:47','提交成功','0'),
('87','26','SUB_FAIL','提交失败','wx_mass_msg_status','提交失败',1,'2019-07-03 09:05:15','2019-07-03 09:05:15','提交失败','0'),
('88','26','SEND_SUCCESS','发送成功','wx_mass_msg_status','发送成功',2,'2019-07-03 09:05:31','2019-07-03 09:05:31','发送成功','0'),
('89','26','SENDING','发送中','wx_mass_msg_status','发送中',3,'2019-07-03 09:06:11','2019-07-03 09:06:11','发送中','0'),
('90','26','SEND_FAIL','发送失败','wx_mass_msg_status','发送失败',4,'2019-07-03 09:06:30','2019-07-03 09:06:30','发送失败','0'),
('91','26','DELETE','已删除','wx_mass_msg_status','已删除',5,'2019-07-03 09:06:48','2019-07-03 09:06:48','已删除','0'),
('91be97d29d6849492c0b279478957f4e','3947ade00eea6517e2b66a1f7985fe1a','1','公司','organ_type','公司',0,'2019-07-25 18:30:20','2019-07-25 18:30:20','公司','0'),
('97ac1672e010af552517a46e5d150678','6c5ab5650155a1b4cc3c1a2c881fa137','DELETE','删除','request_method','删除',3,'2019-07-26 12:13:08','2019-07-26 12:13:08',NULL,'0'),
('9b75d4968ea73c2cd494f3688a043878','3947ade00eea6517e2b66a1f7985fe1a','4','其它','organ_type','其它',3,'2019-07-25 21:45:32','2019-07-25 21:45:32','其它','0'),
('9c84ab74bda56b68dc381a0cad08b321','51aa2730eb17bca730cf7a50d9ce4b35','true','是','true_false','真',0,'2019-07-31 09:21:08','2019-07-31 09:21:08',NULL,'0'),
('a5f575a44038c13900feaab29704e4f3','3947ade00eea6517e2b66a1f7985fe1a','2','部门','organ_type','部门',1,'2019-07-25 21:44:47','2019-07-25 21:44:47','部门','0'),
('b369cb683678b6b2e913187277799b83','53372a6873b2d03e5fb8c1918de82d9f','password','密码模式','authorized_grant_types','内部Web网页应用与内部移动App应用',0,'2019-07-30 17:10:29','2019-07-30 17:10:29',NULL,'0');

/*Table structure for table `sys_log` */

DROP TABLE IF EXISTS `sys_log`;

CREATE TABLE `sys_log` (
  `id` varchar(32) CHARACTER SET utf8 COLLATE utf8_general_ci NOT NULL COMMENT '编号',
  `type` char(1) CHARACTER SET utf8 COLLATE utf8_general_ci DEFAULT '1' COMMENT '日志类型（0：正常；9：异常）',
  `title` varchar(255) CHARACTER SET utf8 COLLATE utf8_general_ci DEFAULT '' COMMENT '日志标题',
  `service_id` varchar(32) CHARACTER SET utf8 COLLATE utf8_general_ci DEFAULT NULL COMMENT '服务ID',
  `create_id` varchar(32) CHARACTER SET utf8 COLLATE utf8_general_ci DEFAULT NULL COMMENT '创建者ID',
  `create_by` varchar(32) CHARACTER SET utf8 COLLATE utf8_general_ci DEFAULT NULL COMMENT '创建者',
  `create_time` datetime DEFAULT CURRENT_TIMESTAMP COMMENT '创建时间',
  `update_time` datetime DEFAULT NULL ON UPDATE CURRENT_TIMESTAMP COMMENT '更新时间',
  `remote_addr` varchar(255) CHARACTER SET utf8 COLLATE utf8_general_ci DEFAULT NULL COMMENT 'IP地址',
  `user_agent` varchar(1000) CHARACTER SET utf8 COLLATE utf8_general_ci DEFAULT NULL COMMENT '用户代理',
  `request_uri` varchar(255) CHARACTER SET utf8 COLLATE utf8_general_ci DEFAULT NULL COMMENT '请求URI',
  `method` varchar(10) CHARACTER SET utf8 COLLATE utf8_general_ci DEFAULT NULL COMMENT '操作方式',
  `params` text CHARACTER SET utf8 COLLATE utf8_general_ci COMMENT '操作提交的数据',
  `time` mediumtext CHARACTER SET utf8 COLLATE utf8_general_ci COMMENT '执行时间',
  `del_flag` char(1) CHARACTER SET utf8 COLLATE utf8_general_ci DEFAULT '0' COMMENT '逻辑删除标记（0：显示；1：隐藏）',
  `exception` text CHARACTER SET utf8 COLLATE utf8_general_ci COMMENT '异常信息',
  `tenant_id` varchar(32) CHARACTER SET utf8 COLLATE utf8_general_ci NOT NULL DEFAULT '0' COMMENT '所属租户',
  PRIMARY KEY (`id`) USING BTREE,
  KEY `sys_log_create_by` (`create_by`) USING BTREE,
  KEY `sys_log_request_uri` (`request_uri`) USING BTREE,
  KEY `sys_log_type` (`type`) USING BTREE,
  KEY `sys_log_create_date` (`create_time`) USING BTREE
) ENGINE=InnoDB DEFAULT CHARSET=utf8mb3 ROW_FORMAT=DYNAMIC COMMENT='日志表';

/*Data for the table `sys_log` */

insert  into `sys_log`(`id`,`type`,`title`,`service_id`,`create_id`,`create_by`,`create_time`,`update_time`,`remote_addr`,`user_agent`,`request_uri`,`method`,`params`,`time`,`del_flag`,`exception`,`tenant_id`) values 
('1405365200197107714','0','新增用户','admin','4','admin2','2021-06-17 11:22:28',NULL,'127.0.0.1','Mozilla/5.0 (Windows NT 10.0; Win64; x64) AppleWebKit/537.36 (KHTML, like Gecko) Chrome/91.0.4472.77 Safari/537.36','/userinfo','POST','','27','0',NULL,'2'),
('1405365221911019522','0','修改用户','admin','4','admin2','2021-06-17 11:22:33',NULL,'127.0.0.1','Mozilla/5.0 (Windows NT 10.0; Win64; x64) AppleWebKit/537.36 (KHTML, like Gecko) Chrome/91.0.4472.77 Safari/537.36','/userinfo','PUT','','26','0',NULL,'2'),
('1437620995940724737','0','新增微信账号配置','admin','1','admin','2021-09-14 11:35:29',NULL,'127.0.0.1','Mozilla/5.0 (Windows NT 10.0; Win64; x64) AppleWebKit/537.36 (KHTML, like Gecko) Chrome/93.0.4577.63 Safari/537.36','/wxapp','POST','','14','0',NULL,'1'),
('1437622548437184513','0','删除微信账号配置','admin','1','admin','2021-09-14 11:41:39',NULL,'127.0.0.1','Mozilla/5.0 (Windows NT 10.0; Win64; x64) AppleWebKit/537.36 (KHTML, like Gecko) Chrome/93.0.4577.63 Safari/537.36','/wxapp/wxd5b98bbec200013b','DELETE','','15','0',NULL,'1'),
('1437622734899163137','0','修改规格','admin','1','admin','2021-09-14 11:42:24',NULL,'127.0.0.1','Mozilla/5.0 (Windows NT 10.0; Win64; x64) AppleWebKit/537.36 (KHTML, like Gecko) Chrome/93.0.4577.63 Safari/537.36','/goodsspec','PUT','','4','0',NULL,'1'),
('1447497472045281281','0','添加用户','admin','1','admin','2021-10-11 17:41:05',NULL,'127.0.0.1','Mozilla/5.0 (Windows NT 10.0; Win64; x64) AppleWebKit/537.36 (KHTML, like Gecko) Chrome/94.0.4606.71 Safari/537.36','/user','POST','','104','0',NULL,'1');

/*Table structure for table `sys_log_login` */

DROP TABLE IF EXISTS `sys_log_login`;

CREATE TABLE `sys_log_login` (
  `id` varchar(32) CHARACTER SET utf8 COLLATE utf8_general_ci NOT NULL COMMENT 'PK',
  `create_id` varchar(32) CHARACTER SET utf8 COLLATE utf8_general_ci DEFAULT NULL COMMENT '创建者ID',
  `create_by` varchar(32) CHARACTER SET utf8 COLLATE utf8_general_ci DEFAULT NULL COMMENT '创建者',
  `create_time` datetime DEFAULT CURRENT_TIMESTAMP COMMENT '创建时间',
  `update_time` datetime DEFAULT NULL ON UPDATE CURRENT_TIMESTAMP COMMENT '更新时间',
  `remote_addr` varchar(255) CHARACTER SET utf8 COLLATE utf8_general_ci DEFAULT NULL COMMENT 'IP地址',
  `user_agent` varchar(1000) CHARACTER SET utf8 COLLATE utf8_general_ci DEFAULT NULL COMMENT '用户代理',
  `request_uri` varchar(255) CHARACTER SET utf8 COLLATE utf8_general_ci DEFAULT NULL COMMENT '请求URI',
  `params` text CHARACTER SET utf8 COLLATE utf8_general_ci COMMENT '操作提交的数据',
  `del_flag` char(1) CHARACTER SET utf8 COLLATE utf8_general_ci DEFAULT '0' COMMENT '逻辑删除标记（0：显示；1：隐藏）',
  `address` varchar(255) CHARACTER SET utf8 COLLATE utf8_general_ci DEFAULT NULL COMMENT '地址信息',
  `tenant_id` varchar(32) CHARACTER SET utf8 COLLATE utf8_general_ci NOT NULL DEFAULT '0' COMMENT '所属租户',
  `type` char(1) DEFAULT NULL COMMENT '日志类型（0：正常；9：异常）',
  `exception` text COMMENT '异常信息',
  PRIMARY KEY (`id`) USING BTREE
) ENGINE=InnoDB DEFAULT CHARSET=utf8mb3 ROW_FORMAT=DYNAMIC COMMENT='登录日志表';

/*Data for the table `sys_log_login` */

insert  into `sys_log_login`(`id`,`create_id`,`create_by`,`create_time`,`update_time`,`remote_addr`,`user_agent`,`request_uri`,`params`,`del_flag`,`address`,`tenant_id`,`type`,`exception`) values 
('1243832624561033218','1','admin','2020-03-28 17:29:41','2021-05-08 09:39:00','127.0.0.1','Mozilla/5.0 (Windows NT 10.0; Win64; x64) AppleWebKit/537.36 (KHTML, like Gecko) Chrome/80.0.3987.149 Safari/537.36','/oauth/token','password=%5B123456%5D&randomStr=%5B65791585387768958%5D&code=%5Bdwb7%5D&grant_type=%5Bpassword%5D&scope=%5Bserver%5D&username=%5Badmin%5D','0',NULL,'1','0',NULL),
('1243833567839031298','1','admin','2020-03-28 17:33:26','2021-05-08 09:39:00','127.0.0.1','Mozilla/5.0 (Windows NT 10.0; Win64; x64) AppleWebKit/537.36 (KHTML, like Gecko) Chrome/80.0.3987.149 Safari/537.36','/oauth/token','password=%5B123456%5D&randomStr=%5B88601585388000755%5D&code=%5Byf7f%5D&grant_type=%5Bpassword%5D&scope=%5Bserver%5D&username=%5Badmin%5D','0',NULL,'1','0',NULL),
('1243834561708724225','5','test','2020-03-28 17:37:23','2021-05-08 09:39:00','127.0.0.1','Mozilla/5.0 (Windows NT 10.0; Win64; x64) AppleWebKit/537.36 (KHTML, like Gecko) Chrome/80.0.3987.149 Safari/537.36','/oauth/token','password=%5B123456%5D&randomStr=%5B98391585388237444%5D&code=%5Bpbga%5D&grant_type=%5Bpassword%5D&scope=%5Bserver%5D&username=%5Btest%5D','0',NULL,'1','0',NULL),
('1243834654046326786','1','admin','2020-03-28 17:37:45','2021-05-08 09:39:00','127.0.0.1','Mozilla/5.0 (Windows NT 10.0; Win64; x64) AppleWebKit/537.36 (KHTML, like Gecko) Chrome/80.0.3987.149 Safari/537.36','/oauth/token','password=%5B123456%5D&randomStr=%5B28931585388256046%5D&code=%5Bcy4n%5D&grant_type=%5Bpassword%5D&scope=%5Bserver%5D&username=%5Badmin%5D','0',NULL,'1','0',NULL),
('1243836083947474946','4','admin2','2020-03-28 17:43:26','2021-05-08 09:39:00','127.0.0.1','Mozilla/5.0 (Windows NT 10.0; Win64; x64) AppleWebKit/537.36 (KHTML, like Gecko) Chrome/80.0.3987.149 Safari/537.36','/oauth/token','password=%5B123456%5D&randomStr=%5B51841585388600698%5D&code=%5Bwpba%5D&grant_type=%5Bpassword%5D&scope=%5Bserver%5D&username=%5Badmin2%5D','0',NULL,'2','0',NULL),
('1243854686889480193','1','admin','2020-03-28 18:57:21','2021-05-08 09:39:00','127.0.0.1','Mozilla/5.0 (Windows NT 10.0; Win64; x64) AppleWebKit/537.36 (KHTML, like Gecko) Chrome/80.0.3987.149 Safari/537.36','/oauth/token','password=%5B123456%5D&randomStr=%5B66521585393035395%5D&code=%5Bx2nm%5D&grant_type=%5Bpassword%5D&scope=%5Bserver%5D&username=%5Badmin%5D','0',NULL,'1','0',NULL),
('1243869125994909698','1','admin','2020-03-28 19:54:44','2021-05-08 09:39:00','127.0.0.1','Mozilla/5.0 (Windows NT 10.0; Win64; x64) AppleWebKit/537.36 (KHTML, like Gecko) Chrome/80.0.3987.149 Safari/537.36','/oauth/token','password=%5B123456%5D&randomStr=%5B44701585396477827%5D&code=%5Bamc6%5D&grant_type=%5Bpassword%5D&scope=%5Bserver%5D&username=%5Badmin%5D','0',NULL,'1','0',NULL),
('1243895484037238785','1243895376147156994','test3','2020-03-28 21:39:28','2021-05-08 09:39:00','127.0.0.1','Mozilla/5.0 (Windows NT 10.0; Win64; x64) AppleWebKit/537.36 (KHTML, like Gecko) Chrome/80.0.3987.149 Safari/537.36','/oauth/token','password=%5B123456%5D&randomStr=%5B57791585402758697%5D&code=%5B6we6%5D&grant_type=%5Bpassword%5D&scope=%5Bserver%5D&username=%5Btest3%5D','0',NULL,'1','0',NULL),
('1243895649557057538','1','admin','2020-03-28 21:40:07','2021-05-08 09:39:00','127.0.0.1','Mozilla/5.0 (Windows NT 10.0; Win64; x64) AppleWebKit/537.36 (KHTML, like Gecko) Chrome/80.0.3987.149 Safari/537.36','/oauth/token','password=%5B123456%5D&randomStr=%5B56331585402793556%5D&code=%5B58mn%5D&grant_type=%5Bpassword%5D&scope=%5Bserver%5D&username=%5Badmin%5D','0',NULL,'1','0',NULL),
('1243895834110627842','1243895376147156994','test3','2020-03-28 21:40:51','2021-05-08 09:39:00','127.0.0.1','Mozilla/5.0 (Windows NT 10.0; Win64; x64) AppleWebKit/537.36 (KHTML, like Gecko) Chrome/80.0.3987.149 Safari/537.36','/oauth/token','password=%5B123456%5D&randomStr=%5B47821585402844689%5D&code=%5Bw33g%5D&grant_type=%5Bpassword%5D&scope=%5Bserver%5D&username=%5Btest3%5D','0',NULL,'1','0',NULL),
('1243895987823480834','1','admin','2020-03-28 21:41:28','2021-05-08 09:39:00','127.0.0.1','Mozilla/5.0 (Windows NT 10.0; Win64; x64) AppleWebKit/537.36 (KHTML, like Gecko) Chrome/80.0.3987.149 Safari/537.36','/oauth/token','password=%5B123456%5D&randomStr=%5B22101585402883863%5D&code=%5By76x%5D&grant_type=%5Bpassword%5D&scope=%5Bserver%5D&username=%5Badmin%5D','0',NULL,'1','0',NULL),
('1244107715274379266','1','admin','2020-03-29 11:42:48','2021-05-08 09:39:00','127.0.0.1','Mozilla/5.0 (Windows NT 10.0; Win64; x64) AppleWebKit/537.36 (KHTML, like Gecko) Chrome/80.0.3987.149 Safari/537.36','/oauth/token','password=%5B123456%5D&randomStr=%5B95421585453362804%5D&code=%5Bbw4c%5D&grant_type=%5Bpassword%5D&scope=%5Bserver%5D&username=%5Badmin%5D','0',NULL,'1','0',NULL),
('1244481104501575682','1','admin','2020-03-30 12:26:31','2021-05-08 09:39:00','127.0.0.1','Mozilla/5.0 (Windows NT 10.0; Win64; x64) AppleWebKit/537.36 (KHTML, like Gecko) Chrome/80.0.3987.149 Safari/537.36','/oauth/token','password=%5B123456%5D&randomStr=%5B53051585542385470%5D&code=%5Bf2ex%5D&grant_type=%5Bpassword%5D&scope=%5Bserver%5D&username=%5Badmin%5D','0',NULL,'1','0',NULL),
('1244488768531046402','1','admin','2020-03-30 12:56:58','2021-05-08 09:39:00','127.0.0.1','Mozilla/5.0 (Windows NT 10.0; Win64; x64) AppleWebKit/537.36 (KHTML, like Gecko) Chrome/80.0.3987.149 Safari/537.36','/oauth/token','password=%5B123456%5D&randomStr=%5B77081585544210690%5D&code=%5Bg35d%5D&grant_type=%5Bpassword%5D&scope=%5Bserver%5D&username=%5Badmin%5D','0',NULL,'1','0',NULL),
('1244527533215555586','1','admin','2020-03-30 15:31:00','2021-05-08 09:39:00','127.0.0.1','Mozilla/5.0 (Windows NT 10.0; Win64; x64) AppleWebKit/537.36 (KHTML, like Gecko) Chrome/80.0.3987.149 Safari/537.36','/oauth/token','password=%5B123456%5D&randomStr=%5B81851585553455832%5D&code=%5Bepbn%5D&grant_type=%5Bpassword%5D&scope=%5Bserver%5D&username=%5Badmin%5D','0',NULL,'1','0',NULL),
('1244528002897911809','1','admin','2020-03-30 15:32:52','2021-05-08 09:39:00','127.0.0.1','Mozilla/5.0 (Windows NT 10.0; Win64; x64) AppleWebKit/537.36 (KHTML, like Gecko) Chrome/80.0.3987.149 Safari/537.36','/oauth/token','password=%5B123456%5D&randomStr=%5B64451585553566558%5D&code=%5B3y26%5D&grant_type=%5Bpassword%5D&scope=%5Bserver%5D&username=%5Badmin%5D','0',NULL,'1','0',NULL),
('1244528235790835714','1','admin','2020-03-30 15:33:48','2021-05-08 09:39:00','127.0.0.1','Mozilla/5.0 (Windows NT 10.0; Win64; x64) AppleWebKit/537.36 (KHTML, like Gecko) Chrome/80.0.3987.149 Safari/537.36','/oauth/token','password=%5B123456%5D&randomStr=%5B30841585553622005%5D&code=%5B2bne%5D&grant_type=%5Bpassword%5D&scope=%5Bserver%5D&username=%5Badmin%5D','0',NULL,'1','0',NULL),
('1244530900973232129','1','admin','2020-03-30 15:44:23','2021-05-08 09:39:00','127.0.0.1','Mozilla/5.0 (Windows NT 10.0; Win64; x64) AppleWebKit/537.36 (KHTML, like Gecko) Chrome/80.0.3987.149 Safari/537.36','/oauth/token','password=%5B123456%5D&randomStr=%5B25341585554259627%5D&code=%5Bnbny%5D&grant_type=%5Bpassword%5D&scope=%5Bserver%5D&username=%5Badmin%5D','0',NULL,'1','0',NULL),
('1244531949347905538','1','admin','2020-03-30 15:48:33','2021-05-08 09:39:00','127.0.0.1','Mozilla/5.0 (Windows NT 10.0; Win64; x64) AppleWebKit/537.36 (KHTML, like Gecko) Chrome/80.0.3987.149 Safari/537.36','/oauth/token','password=%5B123456%5D&randomStr=%5B55101585554505830%5D&code=%5B4def%5D&grant_type=%5Bpassword%5D&scope=%5Bserver%5D&username=%5Badmin%5D','0',NULL,'1','0',NULL),
('1244533969362460674','1','admin','2020-03-30 15:56:35','2021-05-08 09:39:00','127.0.0.1','Mozilla/5.0 (Windows NT 10.0; Win64; x64) AppleWebKit/537.36 (KHTML, like Gecko) Chrome/80.0.3987.149 Safari/537.36','/oauth/token','password=%5B123456%5D&randomStr=%5B91201585554979848%5D&code=%5B5n5w%5D&grant_type=%5Bpassword%5D&scope=%5Bserver%5D&username=%5Badmin%5D','0',NULL,'1','0',NULL),
('1244539288348106753','1','admin','2020-03-30 16:17:43','2021-05-08 09:39:00','127.0.0.1','Mozilla/5.0 (Windows NT 10.0; Win64; x64) AppleWebKit/537.36 (KHTML, like Gecko) Chrome/80.0.3987.149 Safari/537.36','/oauth/token','password=%5B123456%5D&grant_type=%5Bpassword%5D&scope=%5Bserver%5D&username=%5Badmin%5D','0',NULL,'1','0',NULL),
('1244540066055954434','5','test','2020-03-30 16:20:48','2021-05-08 09:39:00','127.0.0.1','Mozilla/5.0 (Windows NT 10.0; Win64; x64) AppleWebKit/537.36 (KHTML, like Gecko) Chrome/80.0.3987.149 Safari/537.36','/oauth/token','password=%5B123456%5D&grant_type=%5Bpassword%5D&scope=%5Bserver%5D&username=%5Btest%5D','0',NULL,'1','0',NULL),
('1244540211136929794','1','admin','2020-03-30 16:21:23','2021-05-08 09:39:00','127.0.0.1','Mozilla/5.0 (Windows NT 10.0; Win64; x64) AppleWebKit/537.36 (KHTML, like Gecko) Chrome/80.0.3987.149 Safari/537.36','/oauth/token','password=%5B123456%5D&grant_type=%5Bpassword%5D&scope=%5Bserver%5D&username=%5Badmin%5D','0',NULL,'1','0',NULL),
('1244542207311060993','1','admin','2020-03-30 16:29:19','2021-05-08 09:39:00','127.0.0.1','Mozilla/5.0 (Windows NT 10.0; Win64; x64) AppleWebKit/537.36 (KHTML, like Gecko) Chrome/80.0.3987.149 Safari/537.36','/oauth/token','password=%5B123456%5D&grant_type=%5Bpassword%5D&scope=%5Bserver%5D&username=%5Badmin%5D','0',NULL,'1','0',NULL),
('1244589116448960513','1','admin','2020-03-30 19:35:43','2021-05-08 09:39:00','127.0.0.1','Mozilla/5.0 (Windows NT 10.0; Win64; x64) AppleWebKit/537.36 (KHTML, like Gecko) Chrome/80.0.3987.149 Safari/537.36','/oauth/token','password=%5B123456%5D&randomStr=%5B57441585568133717%5D&code=%5Bayp8%5D&grant_type=%5Bpassword%5D&scope=%5Bserver%5D&username=%5Badmin%5D','0',NULL,'1','0',NULL),
('1244589929623842817','1','admin','2020-03-30 19:38:57','2021-05-08 09:39:00','127.0.0.1','Mozilla/5.0 (Windows NT 10.0; Win64; x64) AppleWebKit/537.36 (KHTML, like Gecko) Chrome/80.0.3987.149 Safari/537.36','/oauth/token','password=%5B123456%5D&randomStr=%5B58351585568324212%5D&code=%5Bxp78%5D&grant_type=%5Bpassword%5D&scope=%5Bserver%5D&username=%5Badmin%5D','0','内网IP','1','0',NULL),
('1244590490842689537','1','admin','2020-03-30 19:41:11','2021-05-08 09:39:00','120.228.228.156','Mozilla/5.0 (Windows NT 10.0; Win64; x64) AppleWebKit/537.36 (KHTML, like Gecko) Chrome/80.0.3987.149 Safari/537.36','/oauth/token','password=%5B123456%5D&randomStr=%5B13071585568464403%5D&code=%5B4bnp%5D&grant_type=%5Bpassword%5D&scope=%5Bserver%5D&username=%5Badmin%5D','0',NULL,'1','0',NULL),
('1244590647713853442','1','admin','2020-03-30 19:41:48','2021-05-08 09:39:00','120.228.228.156','Mozilla/5.0 (Windows NT 10.0; Win64; x64) AppleWebKit/537.36 (KHTML, like Gecko) Chrome/80.0.3987.149 Safari/537.36','/oauth/token','password=%5B123456%5D&randomStr=%5B29631585568500615%5D&code=%5B56nn%5D&grant_type=%5Bpassword%5D&scope=%5Bserver%5D&username=%5Badmin%5D','0','益阳','1','0',NULL),
('1244593190523142146','1','admin','2020-03-30 19:51:54','2021-05-08 09:39:00','120.228.228.156','Mozilla/5.0 (Windows NT 10.0; Win64; x64) AppleWebKit/537.36 (KHTML, like Gecko) Chrome/80.0.3987.149 Safari/537.36','/oauth/token','password=%5B123456%5D&randomStr=%5B86521585569091230%5D&code=%5B4p8n%5D&grant_type=%5Bpassword%5D&scope=%5Bserver%5D&username=%5Badmin%5D','0',NULL,'1','0',NULL),
('1244593468982984705','1','admin','2020-03-30 19:53:01','2021-05-08 09:39:00','120.228.228.156','Mozilla/5.0 (Windows NT 10.0; Win64; x64) AppleWebKit/537.36 (KHTML, like Gecko) Chrome/80.0.3987.149 Safari/537.36','/oauth/token','password=%5B123456%5D&randomStr=%5B11241585569149700%5D&code=%5B7abg%5D&grant_type=%5Bpassword%5D&scope=%5Bserver%5D&username=%5Badmin%5D','0','nullnullnull','1','0',NULL),
('1244594122480713730','1','admin','2020-03-30 19:55:36','2021-05-08 09:39:00','120.228.228.156','Mozilla/5.0 (Windows NT 10.0; Win64; x64) AppleWebKit/537.36 (KHTML, like Gecko) Chrome/80.0.3987.149 Safari/537.36','/oauth/token','password=%5B123456%5D&randomStr=%5B85161585569288024%5D&code=%5Bf2cp%5D&grant_type=%5Bpassword%5D&scope=%5Bserver%5D&username=%5Badmin%5D','0',NULL,'1','0',NULL),
('1244595139196780545','1','admin','2020-03-30 19:59:39','2021-05-08 09:39:00','120.228.228.156','Mozilla/5.0 (Windows NT 10.0; Win64; x64) AppleWebKit/537.36 (KHTML, like Gecko) Chrome/80.0.3987.149 Safari/537.36','/oauth/token','password=%5B123456%5D&randomStr=%5B10241585569560019%5D&code=%5Bpgm2%5D&grant_type=%5Bpassword%5D&scope=%5Bserver%5D&username=%5Badmin%5D','0',NULL,'1','0',NULL),
('1244595665942642689','1','admin','2020-03-30 20:01:44','2021-05-08 09:39:00','120.228.228.156','Mozilla/5.0 (Windows NT 10.0; Win64; x64) AppleWebKit/537.36 (KHTML, like Gecko) Chrome/80.0.3987.149 Safari/537.36','/oauth/token','password=%5B123456%5D&randomStr=%5B42731585569695225%5D&code=%5Bn64y%5D&grant_type=%5Bpassword%5D&scope=%5Bserver%5D&username=%5Badmin%5D','0',NULL,'1','0',NULL),
('1244601845574373377','1','admin','2020-03-30 20:26:18','2021-05-08 09:39:00','127.0.0.1','Mozilla/5.0 (Windows NT 10.0; Win64; x64) AppleWebKit/537.36 (KHTML, like Gecko) Chrome/80.0.3987.149 Safari/537.36','/oauth/token','password=%5B123456%5D&randomStr=%5B79561585571164787%5D&code=%5Bnwgf%5D&grant_type=%5Bpassword%5D&scope=%5Bserver%5D&username=%5Badmin%5D','0',NULL,'1','0',NULL),
('1244602305228148737','1','admin','2020-03-30 20:28:07','2021-05-08 09:39:00','127.0.0.1','Mozilla/5.0 (Windows NT 10.0; Win64; x64) AppleWebKit/537.36 (KHTML, like Gecko) Chrome/80.0.3987.149 Safari/537.36','/oauth/token','password=%5B123456%5D&randomStr=%5B73091585571259208%5D&code=%5Bpa3a%5D&grant_type=%5Bpassword%5D&scope=%5Bserver%5D&username=%5Badmin%5D','0',NULL,'1','0',NULL),
('1244602702999162881','1','admin','2020-03-30 20:29:42','2021-05-08 09:39:00','127.0.0.1','Mozilla/5.0 (Windows NT 10.0; Win64; x64) AppleWebKit/537.36 (KHTML, like Gecko) Chrome/80.0.3987.149 Safari/537.36','/oauth/token','password=%5B123456%5D&randomStr=%5B44021585571317649%5D&code=%5Bgp4f%5D&grant_type=%5Bpassword%5D&scope=%5Bserver%5D&username=%5Badmin%5D','0',NULL,'1','0',NULL),
('1244602857647345666','1','admin','2020-03-30 20:30:19','2021-05-08 09:39:00','127.0.0.1','Mozilla/5.0 (Windows NT 10.0; Win64; x64) AppleWebKit/537.36 (KHTML, like Gecko) Chrome/80.0.3987.149 Safari/537.36','/oauth/token','password=%5B123456%5D&randomStr=%5B63561585571414495%5D&code=%5Bm72w%5D&grant_type=%5Bpassword%5D&scope=%5Bserver%5D&username=%5Badmin%5D','0','nullnullnull','1','0',NULL),
('1244603615545495554','1','admin','2020-03-30 20:33:20','2021-05-08 09:39:00','127.0.0.1','Mozilla/5.0 (Windows NT 10.0; Win64; x64) AppleWebKit/537.36 (KHTML, like Gecko) Chrome/80.0.3987.149 Safari/537.36','/oauth/token','password=%5B123456%5D&randomStr=%5B52281585571592415%5D&code=%5Bxd3a%5D&grant_type=%5Bpassword%5D&scope=%5Bserver%5D&username=%5Badmin%5D','0','XXXX内网IP','1','0',NULL),
('1244604383992320001','1','admin','2020-03-30 20:36:23','2021-05-08 09:39:00','120.228.228.156','Mozilla/5.0 (Windows NT 10.0; Win64; x64) AppleWebKit/537.36 (KHTML, like Gecko) Chrome/80.0.3987.149 Safari/537.36','/oauth/token','password=%5B123456%5D&randomStr=%5B31361585571775974%5D&code=%5B36xp%5D&grant_type=%5Bpassword%5D&scope=%5Bserver%5D&username=%5Badmin%5D','0',NULL,'1','0',NULL),
('1244604752017330178','1','admin','2020-03-30 20:37:51','2021-05-08 09:39:00','120.228.228.156','Mozilla/5.0 (Windows NT 10.0; Win64; x64) AppleWebKit/537.36 (KHTML, like Gecko) Chrome/80.0.3987.149 Safari/537.36','/oauth/token','password=%5B123456%5D&randomStr=%5B34301585571859628%5D&code=%5Bmccx%5D&grant_type=%5Bpassword%5D&scope=%5Bserver%5D&username=%5Badmin%5D','0',NULL,'1','0',NULL),
('1244605769811333121','1','admin','2020-03-30 20:41:53','2021-05-08 09:39:00','120.228.228.156','Mozilla/5.0 (Windows NT 10.0; Win64; x64) AppleWebKit/537.36 (KHTML, like Gecko) Chrome/80.0.3987.149 Safari/537.36','/oauth/token','password=%5B123456%5D&randomStr=%5B88551585572086001%5D&code=%5Bf4b6%5D&grant_type=%5Bpassword%5D&scope=%5Bserver%5D&username=%5Badmin%5D','0',NULL,'1','0',NULL),
('1244605817219551233','1','admin','2020-03-30 20:42:05','2021-05-08 09:39:00','127.0.0.1','Mozilla/5.0 (Windows NT 10.0; Win64; x64) AppleWebKit/537.36 (KHTML, like Gecko) Chrome/80.0.3987.149 Safari/537.36','/oauth/token','password=%5B123456%5D&randomStr=%5B46291585572102600%5D&code=%5Bbg67%5D&grant_type=%5Bpassword%5D&scope=%5Bserver%5D&username=%5Badmin%5D','0',NULL,'1','0',NULL),
('1244607542437449729','1','admin','2020-03-30 20:48:56','2021-05-08 09:39:00','127.0.0.1','Mozilla/5.0 (Windows NT 10.0; Win64; x64) AppleWebKit/537.36 (KHTML, like Gecko) Chrome/80.0.3987.149 Safari/537.36','/oauth/token','password=%5B123456%5D&randomStr=%5B61341585572512600%5D&code=%5Bedca%5D&grant_type=%5Bpassword%5D&scope=%5Bserver%5D&username=%5Badmin%5D','0',NULL,'1','0',NULL),
('1244608917833617410','1','admin','2020-03-30 20:54:24','2021-05-08 09:39:00','127.0.0.1','Mozilla/5.0 (Windows NT 10.0; Win64; x64) AppleWebKit/537.36 (KHTML, like Gecko) Chrome/80.0.3987.149 Safari/537.36','/oauth/token','password=%5B123456%5D&randomStr=%5B68021585572855729%5D&code=%5Bxx7c%5D&grant_type=%5Bpassword%5D&scope=%5Bserver%5D&username=%5Badmin%5D','0','XXXX内网IP','1','0',NULL),
('1244609212898709506','1','admin','2020-03-30 20:55:34','2021-05-08 09:39:00','127.0.0.1','Mozilla/5.0 (Windows NT 10.0; Win64; x64) AppleWebKit/537.36 (KHTML, like Gecko) Chrome/80.0.3987.149 Safari/537.36','/oauth/token','password=%5B123456%5D&randomStr=%5B90871585572924382%5D&code=%5Bwy76%5D&grant_type=%5Bpassword%5D&scope=%5Bserver%5D&username=%5Badmin%5D','0',NULL,'1','0',NULL),
('1244609289281179649','1','admin','2020-03-30 20:55:52','2021-05-08 09:39:00','127.0.0.1','Mozilla/5.0 (Windows NT 10.0; Win64; x64) AppleWebKit/537.36 (KHTML, like Gecko) Chrome/80.0.3987.149 Safari/537.36','/oauth/token','password=%5B123456%5D&randomStr=%5B34731585572944955%5D&code=%5Bem4e%5D&grant_type=%5Bpassword%5D&scope=%5Bserver%5D&username=%5Badmin%5D','0','XXXX内网IP','1','0',NULL),
('1244609400631562241','1','admin','2020-03-30 20:56:19','2021-05-08 09:39:00','127.0.0.1','Mozilla/5.0 (Windows NT 10.0; Win64; x64) AppleWebKit/537.36 (KHTML, like Gecko) Chrome/80.0.3987.149 Safari/537.36','/oauth/token','password=%5B123456%5D&randomStr=%5B32951585572964290%5D&code=%5Bd586%5D&grant_type=%5Bpassword%5D&scope=%5Bserver%5D&username=%5Badmin%5D','0',NULL,'1','0',NULL),
('1244609470609330178','1','admin','2020-03-30 20:56:36','2021-05-08 09:39:00','127.0.0.1','Mozilla/5.0 (Windows NT 10.0; Win64; x64) AppleWebKit/537.36 (KHTML, like Gecko) Chrome/80.0.3987.149 Safari/537.36','/oauth/token','password=%5B123456%5D&randomStr=%5B40161585572989325%5D&code=%5B82y4%5D&grant_type=%5Bpassword%5D&scope=%5Bserver%5D&username=%5Badmin%5D','0',NULL,'1','0',NULL),
('1244609608937476097','1','admin','2020-03-30 20:57:09','2021-05-08 09:39:00','127.0.0.1','Mozilla/5.0 (Windows NT 10.0; Win64; x64) AppleWebKit/537.36 (KHTML, like Gecko) Chrome/80.0.3987.149 Safari/537.36','/oauth/token','password=%5B123456%5D&randomStr=%5B23291585573023092%5D&code=%5B27nn%5D&grant_type=%5Bpassword%5D&scope=%5Bserver%5D&username=%5Badmin%5D','0','XXXX内网IP','1','0',NULL),
('1244609951045881857','1','admin','2020-03-30 20:58:30','2021-05-08 09:39:00','127.0.0.1','Mozilla/5.0 (Windows NT 10.0; Win64; x64) AppleWebKit/537.36 (KHTML, like Gecko) Chrome/80.0.3987.149 Safari/537.36','/oauth/token','password=%5B123456%5D&randomStr=%5B28681585573096627%5D&code=%5B84m5%5D&grant_type=%5Bpassword%5D&scope=%5Bserver%5D&username=%5Badmin%5D','0',NULL,'1','0',NULL),
('1245291590327570433','1','admin','2020-04-01 18:07:06','2021-05-08 09:39:00','127.0.0.1','Mozilla/5.0 (Windows NT 10.0; Win64; x64) AppleWebKit/537.36 (KHTML, like Gecko) Chrome/80.0.3987.149 Safari/537.36','/oauth/token','password=%5B123456%5D&randomStr=%5B68581585735619873%5D&code=%5B2c6b%5D&grant_type=%5Bpassword%5D&scope=%5Bserver%5D&username=%5Badmin%5D','0',NULL,'1','0',NULL),
('1245617697488736258','1','admin','2020-04-02 15:42:56','2021-05-08 09:39:00','120.228.228.156','Mozilla/5.0 (Windows NT 6.1; Win64; x64) AppleWebKit/537.36 (KHTML, like Gecko) Chrome/78.0.3904.108 Safari/537.36','/oauth/token','password=%5B123456%5D&randomStr=%5B55711585813495440%5D&code=%5B2ycg%5D&grant_type=%5Bpassword%5D&scope=%5Bserver%5D&username=%5Badmin%5D','0',NULL,'1','0',NULL),
('1245633259799416834','1','admin','2020-04-02 16:44:46','2021-05-08 09:39:00','127.0.0.1','Mozilla/5.0 (Windows NT 10.0; Win64; x64) AppleWebKit/537.36 (KHTML, like Gecko) Chrome/80.0.3987.149 Safari/537.36','/oauth/token','password=%5B123456%5D&randomStr=%5B68271585817080429%5D&code=%5Bm6p5%5D&grant_type=%5Bpassword%5D&scope=%5Bserver%5D&username=%5Badmin%5D','0',NULL,'1','0',NULL),
('1245635616155209730','1','admin','2020-04-02 16:54:08','2021-05-08 09:39:00','192.168.31.203','Mozilla/5.0 (Windows NT 10.0; Win64; x64) AppleWebKit/537.36 (KHTML, like Gecko) Chrome/80.0.3987.149 Safari/537.36','/oauth/token','password=%5B123456%5D&randomStr=%5B18061585817638640%5D&code=%5B4p5y%5D&grant_type=%5Bpassword%5D&scope=%5Bserver%5D&username=%5Badmin%5D','0',NULL,'1','0',NULL),
('1245690918196056065','1','admin','2020-04-02 20:33:53','2021-05-08 09:39:00','127.0.0.1','Mozilla/5.0 (Windows NT 10.0; Win64; x64) AppleWebKit/537.36 (KHTML, like Gecko) Chrome/80.0.3987.149 Safari/537.36','/oauth/token','password=%5B123456%5D&randomStr=%5B84041585830829376%5D&code=%5Benwd%5D&grant_type=%5Bpassword%5D&scope=%5Bserver%5D&username=%5Badmin%5D','0',NULL,'1','0',NULL),
('1245694460197703682','1','admin','2020-04-02 20:47:57','2021-05-08 09:39:00','120.228.228.156','Mozilla/5.0 (Windows NT 6.1; Win64; x64) AppleWebKit/537.36 (KHTML, like Gecko) Chrome/78.0.3904.108 Safari/537.36','/oauth/token','password=%5B123456%5D&randomStr=%5B74821585831787629%5D&code=%5Bgd6n%5D&grant_type=%5Bpassword%5D&scope=%5Bserver%5D&username=%5Badmin%5D','0',NULL,'1','0',NULL),
('1245982646106951682','1','admin','2020-04-03 15:53:06','2021-05-08 09:39:00','120.228.228.156','Mozilla/5.0 (Windows NT 6.1; Win64; x64) AppleWebKit/537.36 (KHTML, like Gecko) Chrome/78.0.3904.108 Safari/537.36','/oauth/token','password=%5B123456%5D&randomStr=%5B84421585900507167%5D&code=%5B6ewn%5D&grant_type=%5Bpassword%5D&scope=%5Bserver%5D&username=%5Badmin%5D','0','中国湖南益阳','1','0',NULL),
('1246418834265489409','1','admin','2020-04-04 20:46:22','2021-05-08 09:39:00','127.0.0.1','Mozilla/5.0 (Windows NT 10.0; Win64; x64) AppleWebKit/537.36 (KHTML, like Gecko) Chrome/80.0.3987.149 Safari/537.36','/oauth/token','password=%5B123456%5D&randomStr=%5B83051586004372730%5D&code=%5Bmdp3%5D&grant_type=%5Bpassword%5D&scope=%5Bserver%5D&username=%5Badmin%5D','0',NULL,'1','0',NULL),
('1246419828026130434','1','admin','2020-04-04 20:50:19','2021-05-08 09:39:00','127.0.0.1','Mozilla/5.0 (Windows NT 10.0; Win64; x64) AppleWebKit/537.36 (KHTML, like Gecko) Chrome/80.0.3987.149 Safari/537.36','/oauth/token','password=%5B123456%5D&randomStr=%5B34721586004603661%5D&code=%5B2n8p%5D&grant_type=%5Bpassword%5D&scope=%5Bserver%5D&username=%5Badmin%5D','0','XXXX内网IP','1','0',NULL),
('1246430370715418626','1','admin','2020-04-04 21:32:12','2021-05-08 09:39:00','127.0.0.1','Mozilla/5.0 (Windows NT 10.0; Win64; x64) AppleWebKit/537.36 (KHTML, like Gecko) Chrome/80.0.3987.149 Safari/537.36','/oauth/token','password=%5B123456%5D&randomStr=%5B55531586007127137%5D&code=%5Bnnw7%5D&grant_type=%5Bpassword%5D&scope=%5Bserver%5D&username=%5Badmin%5D','0','XXXX内网IP','1','0',NULL),
('1246710217429762050','1','admin','2020-04-05 16:04:13','2021-05-08 09:39:00','127.0.0.1','Mozilla/5.0 (Windows NT 10.0; Win64; x64) AppleWebKit/537.36 (KHTML, like Gecko) Chrome/80.0.3987.149 Safari/537.36','/oauth/token','password=%5B123456%5D&randomStr=%5B96641586073847305%5D&code=%5Bngbf%5D&grant_type=%5Bpassword%5D&scope=%5Bserver%5D&username=%5Badmin%5D','0','XXXX内网IP','1','0',NULL),
('1247469984628711425','1','admin','2020-04-07 18:23:15','2021-05-08 09:39:00','127.0.0.1','Mozilla/5.0 (Windows NT 10.0; Win64; x64) AppleWebKit/537.36 (KHTML, like Gecko) Chrome/80.0.3987.149 Safari/537.36','/oauth/token','password=%5B123456%5D&randomStr=%5B67831586254983771%5D&code=%5Bxn2x%5D&grant_type=%5Bpassword%5D&scope=%5Bserver%5D&username=%5Badmin%5D','0',NULL,'1','0',NULL),
('1247755871572828162','1','admin','2020-04-08 13:19:16','2021-05-08 09:39:00','127.0.0.1','Mozilla/5.0 (Windows NT 10.0; Win64; x64) AppleWebKit/537.36 (KHTML, like Gecko) Chrome/80.0.3987.149 Safari/537.36','/oauth/token','password=%5B123456%5D&randomStr=%5B42031586323150958%5D&code=%5B5n66%5D&grant_type=%5Bpassword%5D&scope=%5Bserver%5D&username=%5Badmin%5D','0','XXXX内网IP','1','0',NULL),
('1247874259137699842','1','admin','2020-04-08 21:09:42','2021-05-08 09:39:00','127.0.0.1','Mozilla/5.0 (Windows NT 10.0; Win64; x64) AppleWebKit/537.36 (KHTML, like Gecko) Chrome/80.0.3987.149 Safari/537.36','/oauth/token','password=%5B123456%5D&randomStr=%5B21511586351377032%5D&code=%5Bydcg%5D&grant_type=%5Bpassword%5D&scope=%5Bserver%5D&username=%5Badmin%5D','0',NULL,'1','0',NULL),
('1248251595729207298','1','admin','2020-04-09 22:09:06','2021-05-08 09:39:00','127.0.0.1','Mozilla/5.0 (Windows NT 10.0; Win64; x64) AppleWebKit/537.36 (KHTML, like Gecko) Chrome/80.0.3987.149 Safari/537.36','/oauth/token','password=%5B123456%5D&randomStr=%5B83471586441329670%5D&code=%5B8bb4%5D&grant_type=%5Bpassword%5D&scope=%5Bserver%5D&username=%5Badmin%5D','0',NULL,'1','0',NULL),
('1248287249657851905','1','admin','2020-04-10 00:30:47','2021-05-08 09:39:00','127.0.0.1','Mozilla/5.0 (Windows NT 10.0; Win64; x64) AppleWebKit/537.36 (KHTML, like Gecko) Chrome/80.0.3987.149 Safari/537.36','/phone/token/sms','code=%5B0152%5D&grant_type=%5Bsms_login%5D&phone=%5B15802621281%5D','0','XXXX内网IP','1','0',NULL),
('1248287345841631233','1','admin','2020-04-10 00:31:09','2021-05-08 09:39:00','127.0.0.1','Mozilla/5.0 (Windows NT 10.0; Win64; x64) AppleWebKit/537.36 (KHTML, like Gecko) Chrome/80.0.3987.149 Safari/537.36','/phone/token/sms','code=%5B3616%5D&grant_type=%5Bsms_login%5D&phone=%5B15802621281%5D','0',NULL,'1','0',NULL),
('1248288159813431298','5','test','2020-04-10 00:34:24','2021-05-08 09:39:00','127.0.0.1','Mozilla/5.0 (Windows NT 10.0; Win64; x64) AppleWebKit/537.36 (KHTML, like Gecko) Chrome/80.0.3987.149 Safari/537.36','/phone/token/sms','code=%5B0571%5D&grant_type=%5Bsms_login%5D&phone=%5B15802621281%5D','0',NULL,'1','0',NULL),
('1248431519475789826','1','admin','2020-04-10 10:04:03','2021-05-08 09:39:00','127.0.0.1','Mozilla/5.0 (Windows NT 10.0; Win64; x64) AppleWebKit/537.36 (KHTML, like Gecko) Chrome/80.0.3987.149 Safari/537.36','/oauth/token','password=%5B123456%5D&randomStr=%5B34341586484236326%5D&code=%5B225e%5D&grant_type=%5Bpassword%5D&scope=%5Bserver%5D&username=%5Badmin%5D','0','XXXX内网IP','1','0',NULL),
('1248519501490692098','1','admin','2020-04-10 15:53:40','2021-05-08 09:39:00','127.0.0.1','Mozilla/5.0 (Windows NT 10.0; Win64; x64) AppleWebKit/537.36 (KHTML, like Gecko) Chrome/80.0.3987.149 Safari/537.36','/oauth/token','password=%5B123456%5D&randomStr=%5B86011586505212411%5D&code=%5B8x7w%5D&grant_type=%5Bpassword%5D&scope=%5Bserver%5D&username=%5Badmin%5D','0','XXXX内网IP','1','0',NULL),
('1248609656696217602','5','test','2020-04-10 21:51:54','2021-05-08 09:39:00','127.0.0.1','Mozilla/5.0 (Windows NT 10.0; Win64; x64) AppleWebKit/537.36 (KHTML, like Gecko) Chrome/80.0.3987.149 Safari/537.36','/phone/token/sms','code=%5B8704%5D&grant_type=%5Bsms_login%5D&phone=%5B15802621281%5D','0',NULL,'1','0',NULL),
('1248610264606056449','1','admin','2020-04-10 21:54:19','2021-05-08 09:39:00','127.0.0.1','Mozilla/5.0 (Windows NT 10.0; Win64; x64) AppleWebKit/537.36 (KHTML, like Gecko) Chrome/80.0.3987.149 Safari/537.36','/oauth/token','password=%5B123456%5D&randomStr=%5B99081586526853253%5D&code=%5Bbf4b%5D&grant_type=%5Bpassword%5D&scope=%5Bserver%5D&username=%5Badmin%5D','0',NULL,'1','0',NULL),
('1248614473715957761','1','admin','2020-04-10 22:11:03','2021-05-08 09:39:00','127.0.0.1','Mozilla/5.0 (Windows NT 10.0; Win64; x64) AppleWebKit/537.36 (KHTML, like Gecko) Chrome/80.0.3987.149 Safari/537.36','/oauth/token','password=%5B123456%5D&randomStr=%5B78541586527851281%5D&code=%5Bx63x%5D&grant_type=%5Bpassword%5D&scope=%5Bserver%5D&username=%5Badmin%5D','0',NULL,'1','0',NULL),
('1248615978133110785','1','admin','2020-04-10 22:17:02','2021-05-08 09:39:00','127.0.0.1','Mozilla/5.0 (Windows NT 10.0; Win64; x64) AppleWebKit/537.36 (KHTML, like Gecko) Chrome/80.0.3987.149 Safari/537.36','/oauth/token','password=%5B123456%5D&randomStr=%5B18111586528216188%5D&code=%5Bcaxa%5D&grant_type=%5Bpassword%5D&scope=%5Bserver%5D&username=%5Badmin%5D','0',NULL,'1','0',NULL),
('1248620599924797441','1','admin','2020-04-10 22:35:23','2021-05-08 09:39:00','127.0.0.1','Mozilla/5.0 (Windows NT 10.0; Win64; x64) AppleWebKit/537.36 (KHTML, like Gecko) Chrome/80.0.3987.149 Safari/537.36','/oauth/token','password=%5B123456%5D&randomStr=%5B28821586529316640%5D&code=%5B7ncn%5D&grant_type=%5Bpassword%5D&scope=%5Bserver%5D&username=%5Badmin%5D','0','XXXX内网IP','1','0',NULL),
('1248621109440458754','1225288078861496321','test2','2020-04-10 22:37:25','2021-05-08 09:39:00','127.0.0.1','Mozilla/5.0 (Windows NT 10.0; Win64; x64) AppleWebKit/537.36 (KHTML, like Gecko) Chrome/80.0.3987.149 Safari/537.36','/oauth/token','password=%5B123456%5D&randomStr=%5B10351586529438682%5D&code=%5Bpga3%5D&grant_type=%5Bpassword%5D&scope=%5Bserver%5D&username=%5Btest2%5D','0',NULL,'1','0',NULL),
('1248623615369326594','1','admin','2020-04-10 22:47:22','2021-05-08 09:39:00','127.0.0.1','Mozilla/5.0 (Windows NT 10.0; Win64; x64) AppleWebKit/537.36 (KHTML, like Gecko) Chrome/80.0.3987.149 Safari/537.36','/oauth/token','password=%5B123456%5D&randomStr=%5B54401586530031154%5D&code=%5Bgw2w%5D&grant_type=%5Bpassword%5D&scope=%5Bserver%5D&username=%5Badmin%5D','0',NULL,'1','0',NULL),
('1248623770986393602','1225288078861496321','test2','2020-04-10 22:47:59','2021-05-08 09:39:00','127.0.0.1','Mozilla/5.0 (Windows NT 10.0; Win64; x64) AppleWebKit/537.36 (KHTML, like Gecko) Chrome/80.0.3987.149 Safari/537.36','/oauth/token','password=%5B123456%5D&randomStr=%5B11391586530070026%5D&code=%5Bwy2m%5D&grant_type=%5Bpassword%5D&scope=%5Bserver%5D&username=%5Btest2%5D','0',NULL,'1','0',NULL),
('1248623868021616642','5','test','2020-04-10 22:48:23','2021-05-08 09:39:00','127.0.0.1','Mozilla/5.0 (Windows NT 10.0; Win64; x64) AppleWebKit/537.36 (KHTML, like Gecko) Chrome/80.0.3987.149 Safari/537.36','/oauth/token','password=%5B123456%5D&randomStr=%5B56371586530094948%5D&code=%5Bdcww%5D&grant_type=%5Bpassword%5D&scope=%5Bserver%5D&username=%5Btest%5D','0',NULL,'1','0',NULL),
('1248624061320310785','5','test','2020-04-10 22:49:09','2021-05-08 09:39:00','127.0.0.1','Mozilla/5.0 (Windows NT 10.0; Win64; x64) AppleWebKit/537.36 (KHTML, like Gecko) Chrome/80.0.3987.149 Safari/537.36','/oauth/token','password=%5B123456%5D&randomStr=%5B42051586530141522%5D&code=%5B7af7%5D&grant_type=%5Bpassword%5D&scope=%5Bserver%5D&username=%5Btest%5D','0',NULL,'1','0',NULL),
('1248624115221311489','1225288078861496321','test2','2020-04-10 22:49:22','2021-05-08 09:39:00','127.0.0.1','Mozilla/5.0 (Windows NT 10.0; Win64; x64) AppleWebKit/537.36 (KHTML, like Gecko) Chrome/80.0.3987.149 Safari/537.36','/oauth/token','password=%5B123456%5D&randomStr=%5B87291586530155205%5D&code=%5Bw4ma%5D&grant_type=%5Bpassword%5D&scope=%5Bserver%5D&username=%5Btest2%5D','0',NULL,'1','0',NULL),
('1248624268510539777','5','test','2020-04-10 22:49:58','2021-05-08 09:39:00','127.0.0.1','Mozilla/5.0 (Windows NT 10.0; Win64; x64) AppleWebKit/537.36 (KHTML, like Gecko) Chrome/80.0.3987.149 Safari/537.36','/oauth/token','password=%5B123456%5D&randomStr=%5B96201586530189956%5D&code=%5B57pe%5D&grant_type=%5Bpassword%5D&scope=%5Bserver%5D&username=%5Btest%5D','0',NULL,'1','0',NULL),
('1248624559687512065','1225288078861496321','test2','2020-04-10 22:51:08','2021-05-08 09:39:00','127.0.0.1','Mozilla/5.0 (Windows NT 10.0; Win64; x64) AppleWebKit/537.36 (KHTML, like Gecko) Chrome/80.0.3987.149 Safari/537.36','/oauth/token','password=%5B123456%5D&randomStr=%5B99351586530239463%5D&code=%5B3mw2%5D&grant_type=%5Bpassword%5D&scope=%5Bserver%5D&username=%5Btest2%5D','0',NULL,'1','0',NULL),
('1248624622241361922','1','admin','2020-04-10 22:51:22','2021-05-08 09:39:00','127.0.0.1','Mozilla/5.0 (Windows NT 10.0; Win64; x64) AppleWebKit/537.36 (KHTML, like Gecko) Chrome/80.0.3987.149 Safari/537.36','/oauth/token','password=%5B123456%5D&randomStr=%5B17501586530273723%5D&code=%5Bcyp4%5D&grant_type=%5Bpassword%5D&scope=%5Bserver%5D&username=%5Badmin%5D','0',NULL,'1','0',NULL),
('1248624707675140097','1225288078861496321','test2','2020-04-10 22:51:43','2021-05-08 09:39:00','127.0.0.1','Mozilla/5.0 (Windows NT 10.0; Win64; x64) AppleWebKit/537.36 (KHTML, like Gecko) Chrome/80.0.3987.149 Safari/537.36','/oauth/token','password=%5B123456%5D&randomStr=%5B14931586530296233%5D&code=%5Bnfnn%5D&grant_type=%5Bpassword%5D&scope=%5Bserver%5D&username=%5Btest2%5D','0',NULL,'1','0',NULL),
('1248624766189875202','1','admin','2020-04-10 22:51:57','2021-05-08 09:39:00','127.0.0.1','Mozilla/5.0 (Windows NT 10.0; Win64; x64) AppleWebKit/537.36 (KHTML, like Gecko) Chrome/80.0.3987.149 Safari/537.36','/oauth/token','password=%5B123456%5D&randomStr=%5B21411586530310295%5D&code=%5B6x3e%5D&grant_type=%5Bpassword%5D&scope=%5Bserver%5D&username=%5Badmin%5D','0',NULL,'1','0',NULL),
('1248624887795331073','1225288078861496321','test2','2020-04-10 22:52:26','2021-05-08 09:39:00','127.0.0.1','Mozilla/5.0 (Windows NT 10.0; Win64; x64) AppleWebKit/537.36 (KHTML, like Gecko) Chrome/80.0.3987.149 Safari/537.36','/oauth/token','password=%5B123456%5D&randomStr=%5B81171586530333396%5D&code=%5Bpnc7%5D&grant_type=%5Bpassword%5D&scope=%5Bserver%5D&username=%5Btest2%5D','0',NULL,'1','0',NULL),
('1248625055965949954','1','admin','2020-04-10 22:53:06','2021-05-08 09:39:00','127.0.0.1','Mozilla/5.0 (Windows NT 10.0; Win64; x64) AppleWebKit/537.36 (KHTML, like Gecko) Chrome/80.0.3987.149 Safari/537.36','/oauth/token','password=%5B123456%5D&randomStr=%5B80281586530379702%5D&code=%5Bfxy7%5D&grant_type=%5Bpassword%5D&scope=%5Bserver%5D&username=%5Badmin%5D','0',NULL,'1','0',NULL),
('1248625263659495425','1225288078861496321','test2','2020-04-10 22:53:55','2021-05-08 09:39:00','127.0.0.1','Mozilla/5.0 (Windows NT 10.0; Win64; x64) AppleWebKit/537.36 (KHTML, like Gecko) Chrome/80.0.3987.149 Safari/537.36','/oauth/token','password=%5B123456%5D&randomStr=%5B61671586530427258%5D&code=%5Bmm35%5D&grant_type=%5Bpassword%5D&scope=%5Bserver%5D&username=%5Btest2%5D','0',NULL,'1','0',NULL),
('1248625411869421569','1','admin','2020-04-10 22:54:31','2021-05-08 09:39:00','127.0.0.1','Mozilla/5.0 (Windows NT 10.0; Win64; x64) AppleWebKit/537.36 (KHTML, like Gecko) Chrome/80.0.3987.149 Safari/537.36','/oauth/token','password=%5B123456%5D&randomStr=%5B40791586530464483%5D&code=%5Bc853%5D&grant_type=%5Bpassword%5D&scope=%5Bserver%5D&username=%5Badmin%5D','0',NULL,'1','0',NULL),
('1248866114289577985','1','admin','2020-04-11 14:50:59','2021-05-08 09:39:00','127.0.0.1','Mozilla/5.0 (Windows NT 10.0; Win64; x64) AppleWebKit/537.36 (KHTML, like Gecko) Chrome/80.0.3987.149 Safari/537.36','/oauth/token','password=%5B123456%5D&randomStr=%5B76271586587835368%5D&code=%5Bw6wp%5D&grant_type=%5Bpassword%5D&scope=%5Bserver%5D&username=%5Badmin%5D','0',NULL,'1','0',NULL),
('1248871162293825537','1','admin','2020-04-11 15:11:02','2021-05-08 09:39:00','127.0.0.1','Mozilla/5.0 (Windows NT 10.0; Win64; x64) AppleWebKit/537.36 (KHTML, like Gecko) Chrome/80.0.3987.149 Safari/537.36','/oauth/token','password=%5B123456%5D&randomStr=%5B49091586589053703%5D&code=%5B2bd7%5D&grant_type=%5Bpassword%5D&scope=%5Bserver%5D&username=%5Badmin%5D','0','XXXX内网IP','1','0',NULL),
('1248879587484622849','1','admin','2020-04-11 15:44:31','2021-05-08 09:39:00','127.0.0.1','Mozilla/5.0 (Windows NT 10.0; Win64; x64) AppleWebKit/537.36 (KHTML, like Gecko) Chrome/80.0.3987.149 Safari/537.36','/oauth/token','password=%5B123456%5D&randomStr=%5B19311586591065322%5D&code=%5Bn5p7%5D&grant_type=%5Bpassword%5D&scope=%5Bserver%5D&username=%5Badmin%5D','0',NULL,'1','0',NULL),
('1248892017237417985','4','admin2','2020-04-11 16:33:54','2021-05-08 09:39:00','127.0.0.1','Mozilla/5.0 (Windows NT 10.0; Win64; x64) AppleWebKit/537.36 (KHTML, like Gecko) Chrome/80.0.3987.149 Safari/537.36','/oauth/token','password=%5B123456%5D&randomStr=%5B20761586594027430%5D&code=%5Bg464%5D&grant_type=%5Bpassword%5D&scope=%5Bserver%5D&username=%5Badmin2%5D','0',NULL,'2','0',NULL),
('1248910426750599170','5','test','2020-04-11 17:47:04','2021-05-08 09:39:00','127.0.0.1','Mozilla/5.0 (Windows NT 10.0; Win64; x64) AppleWebKit/537.36 (KHTML, like Gecko) Chrome/80.0.3987.149 Safari/537.36','/phone/token/sms','code=%5B5505%5D&grant_type=%5Bsms_login%5D&phone=%5B15802621281%5D','0','XXXX内网IP','1','0',NULL),
('1248913044096958466','5','test','2020-04-11 17:57:28','2021-05-08 09:39:00','127.0.0.1','Mozilla/5.0 (Windows NT 10.0; Win64; x64) AppleWebKit/537.36 (KHTML, like Gecko) Chrome/80.0.3987.149 Safari/537.36','/phone/token/sms','code=%5B7781%5D&grant_type=%5Bsms_login%5D&phone=%5B15802621281%5D','0','XXXX内网IP','1','0',NULL),
('1248914121122922498','1','admin','2020-04-11 18:01:44','2021-05-08 09:39:00','127.0.0.1','Mozilla/5.0 (Windows NT 10.0; Win64; x64) AppleWebKit/537.36 (KHTML, like Gecko) Chrome/80.0.3987.149 Safari/537.36','/oauth/token','password=%5B123456%5D&randomStr=%5B64641586599286040%5D&code=%5B82y8%5D&grant_type=%5Bpassword%5D&scope=%5Bserver%5D&username=%5Badmin%5D','0',NULL,'1','0',NULL),
('1248914179557965826','4','admin2','2020-04-11 18:01:58','2021-05-08 09:39:00','127.0.0.1','Mozilla/5.0 (Windows NT 10.0; Win64; x64) AppleWebKit/537.36 (KHTML, like Gecko) Chrome/80.0.3987.149 Safari/537.36','/oauth/token','password=%5B123456%5D&randomStr=%5B93701586599311584%5D&code=%5Be8ne%5D&grant_type=%5Bpassword%5D&scope=%5Bserver%5D&username=%5Badmin2%5D','0',NULL,'1','0',NULL),
('1248914833529651201','4','admin2','2020-04-11 18:04:34','2021-05-08 09:39:00','127.0.0.1','Mozilla/5.0 (Windows NT 10.0; Win64; x64) AppleWebKit/537.36 (KHTML, like Gecko) Chrome/80.0.3987.149 Safari/537.36','/oauth/token','password=%5B123456%5D&randomStr=%5B67951586599427217%5D&code=%5B2myp%5D&grant_type=%5Bpassword%5D&scope=%5Bserver%5D&username=%5Badmin2%5D','0',NULL,'2','0',NULL),
('1248940326794559489','1','admin','2020-04-11 19:45:52','2021-05-08 09:39:00','127.0.0.1','Mozilla/5.0 (Windows NT 10.0; Win64; x64) AppleWebKit/537.36 (KHTML, like Gecko) Chrome/80.0.3987.149 Safari/537.36','/oauth/token','password=%5B123456%5D&randomStr=%5B21291586605545826%5D&code=%5B7xmw%5D&grant_type=%5Bpassword%5D&scope=%5Bserver%5D&username=%5Badmin%5D','0',NULL,'1','0',NULL),
('1248950340049465346','1','admin','2020-04-11 20:25:40','2021-05-08 09:39:00','127.0.0.1','Mozilla/5.0 (Windows NT 10.0; Win64; x64) AppleWebKit/537.36 (KHTML, like Gecko) Chrome/80.0.3987.149 Safari/537.36','/oauth/token','password=%5B123456%5D&randomStr=%5B37231586607926937%5D&code=%5B7ecb%5D&grant_type=%5Bpassword%5D&scope=%5Bserver%5D&username=%5Badmin%5D','0',NULL,'1','0',NULL),
('1248950440477880322','1','admin','2020-04-11 20:26:04','2021-05-08 09:39:00','127.0.0.1','Mozilla/5.0 (Windows NT 10.0; Win64; x64) AppleWebKit/537.36 (KHTML, like Gecko) Chrome/80.0.3987.149 Safari/537.36','/oauth/token','password=%5B123456%5D&randomStr=%5B70011586607959698%5D&code=%5B2f76%5D&grant_type=%5Bpassword%5D&scope=%5Bserver%5D&username=%5Badmin%5D','0',NULL,'1','0',NULL),
('1248953285294002177','1','admin','2020-04-11 20:37:22','2021-05-08 09:39:00','127.0.0.1','Mozilla/5.0 (Windows NT 10.0; Win64; x64) AppleWebKit/537.36 (KHTML, like Gecko) Chrome/80.0.3987.149 Safari/537.36','/oauth/token','password=%5B123456%5D&randomStr=%5B36301586608612009%5D&code=%5Bn22n%5D&grant_type=%5Bpassword%5D&scope=%5Bserver%5D&username=%5Badmin%5D','0',NULL,'1','0',NULL),
('1248954933538033666','1','admin','2020-04-11 20:43:55','2021-05-08 09:39:00','127.0.0.1','Mozilla/5.0 (Windows NT 10.0; Win64; x64) AppleWebKit/537.36 (KHTML, like Gecko) Chrome/80.0.3987.149 Safari/537.36','/phone/token/sms','code=%5B9031%5D&grant_type=%5Bsms_login%5D&phone=%5B15802621281%5D','0',NULL,'1','0',NULL),
('1248960732884668417','1','admin','2020-04-11 21:06:57','2021-05-08 09:39:00','127.0.0.1','Mozilla/5.0 (Windows NT 10.0; Win64; x64) AppleWebKit/537.36 (KHTML, like Gecko) Chrome/80.0.3987.149 Safari/537.36','/phone/token/sms','code=%5B6028%5D&grant_type=%5Bsms_login%5D&phone=%5B15802621281%5D','0','XXXX内网IP','1','0',NULL),
('1248975098690527233','1','admin','2020-04-11 22:04:03','2021-05-08 09:39:00','127.0.0.1','Mozilla/5.0 (Windows NT 10.0; Win64; x64) AppleWebKit/537.36 (KHTML, like Gecko) Chrome/80.0.3987.149 Safari/537.36','/oauth/token','password=%5B123456%5D&randomStr=%5B91221586613823608%5D&code=%5B8f64%5D&grant_type=%5Bpassword%5D&scope=%5Bserver%5D&username=%5Badmin%5D','0',NULL,'1','0',NULL),
('1249166925733384194','1','admin','2020-04-12 10:46:18','2021-05-08 09:39:00','127.0.0.1','Mozilla/5.0 (Windows NT 10.0; Win64; x64) AppleWebKit/537.36 (KHTML, like Gecko) Chrome/80.0.3987.149 Safari/537.36','/oauth/token','password=%5B123456%5D&randomStr=%5B47951586659568953%5D&code=%5Bp383%5D&grant_type=%5Bpassword%5D&scope=%5Bserver%5D&username=%5Badmin%5D','0',NULL,'1','0',NULL),
('1249167297470353410','1','admin','2020-04-12 10:47:46','2021-05-08 09:39:00','127.0.0.1','Mozilla/5.0 (Windows NT 10.0; Win64; x64) AppleWebKit/537.36 (KHTML, like Gecko) Chrome/80.0.3987.149 Safari/537.36','/phone/token/sms','code=%5B9958%5D&grant_type=%5Bsms_login%5D&phone=%5B15802621281%5D','0',NULL,'1','0',NULL),
('1249311267676520449','1','admin','2020-04-12 20:19:51','2021-05-08 09:39:00','127.0.0.1','Mozilla/5.0 (Windows NT 10.0; Win64; x64) AppleWebKit/537.36 (KHTML, like Gecko) Chrome/80.0.3987.149 Safari/537.36','/oauth/token','password=%5B123456%5D&randomStr=%5B16391586693975331%5D&code=%5Bg3my%5D&grant_type=%5Bpassword%5D&scope=%5Bserver%5D&username=%5Badmin%5D','0',NULL,'1','0',NULL),
('1249312674433499138','1','admin','2020-04-12 20:25:27','2021-05-08 09:39:00','127.0.0.1','Mozilla/5.0 (Windows NT 10.0; Win64; x64) AppleWebKit/537.36 (KHTML, like Gecko) Chrome/80.0.3987.149 Safari/537.36','/oauth/token','password=%5B123456%5D&randomStr=%5B66331586694322256%5D&code=%5B2755%5D&grant_type=%5Bpassword%5D&scope=%5Bserver%5D&username=%5Badmin%5D','0','XXXX内网IP','1','0',NULL),
('1249316542445789186','1','admin','2020-04-12 20:40:49','2021-05-08 09:39:00','127.0.0.1','Mozilla/5.0 (Windows NT 10.0; Win64; x64) AppleWebKit/537.36 (KHTML, like Gecko) Chrome/80.0.3987.149 Safari/537.36','/phone/token/sms','code=%5B1277%5D&grant_type=%5Bsms_login%5D&phone=%5B15802621281%5D','0',NULL,'1','0',NULL),
('1249320882896117762','1','admin','2020-04-12 20:58:04','2021-05-08 09:39:00','127.0.0.1','Mozilla/5.0 (Windows NT 10.0; Win64; x64) AppleWebKit/537.36 (KHTML, like Gecko) Chrome/80.0.3987.149 Safari/537.36','/oauth/token','password=%5B123456%5D&randomStr=%5B20301586696277418%5D&code=%5Bn2xx%5D&grant_type=%5Bpassword%5D&scope=%5Bserver%5D&username=%5Badmin%5D','0','XXXX内网IP','1','0',NULL),
('1250233097664864257','1','admin','2020-04-15 09:22:53','2021-05-08 09:39:00','127.0.0.1','Mozilla/5.0 (Windows NT 10.0; Win64; x64) AppleWebKit/537.36 (KHTML, like Gecko) Chrome/81.0.4044.92 Safari/537.36','/oauth/token','password=%5B123456%5D&randomStr=%5B49261586913765512%5D&code=%5Bdgef%5D&grant_type=%5Bpassword%5D&scope=%5Bserver%5D&username=%5Badmin%5D','0','XXXX内网IP','1','0',NULL),
('1250307853139324929','1','admin','2020-04-15 14:19:56','2021-05-08 09:39:00','127.0.0.1','Mozilla/5.0 (Windows NT 10.0; Win64; x64) AppleWebKit/537.36 (KHTML, like Gecko) Chrome/81.0.4044.92 Safari/537.36','/oauth/token','password=%5B123456%5D&randomStr=%5B26081586931588382%5D&code=%5Bedy3%5D&grant_type=%5Bpassword%5D&scope=%5Bserver%5D&username=%5Badmin%5D','0',NULL,'1','0',NULL),
('1250619756025753602','1','admin','2020-04-16 10:59:19','2021-05-08 09:39:00','127.0.0.1','Mozilla/5.0 (Windows NT 10.0; Win64; x64) AppleWebKit/537.36 (KHTML, like Gecko) Chrome/81.0.4044.92 Safari/537.36','/oauth/token','password=%5B123456%5D&randomStr=%5B21061587005954423%5D&code=%5Bmedn%5D&grant_type=%5Bpassword%5D&scope=%5Bserver%5D&username=%5Badmin%5D','0','XXXX内网IP','1','0',NULL),
('1250725595127341058','1','admin','2020-04-16 17:59:53','2021-05-08 09:39:00','127.0.0.1','Mozilla/5.0 (Windows NT 10.0; Win64; x64) AppleWebKit/537.36 (KHTML, like Gecko) Chrome/81.0.4044.92 Safari/537.36','/oauth/token','password=%5B123456%5D&randomStr=%5B29651587031186508%5D&code=%5B3bnc%5D&grant_type=%5Bpassword%5D&scope=%5Bserver%5D&username=%5Badmin%5D','0',NULL,'1','0',NULL),
('1250771095255900161','1','admin','2020-04-16 21:00:41','2021-05-08 09:39:00','127.0.0.1','Mozilla/5.0 (Windows NT 10.0; Win64; x64) AppleWebKit/537.36 (KHTML, like Gecko) Chrome/81.0.4044.92 Safari/537.36','/oauth/token','password=%5B123456%5D&randomStr=%5B69051587042024767%5D&code=%5Bgg5d%5D&grant_type=%5Bpassword%5D&scope=%5Bserver%5D&username=%5Badmin%5D','0',NULL,'1','0',NULL),
('1250997172993593345','1','admin','2020-04-17 11:59:03','2021-05-08 09:39:00','127.0.0.1','Mozilla/5.0 (Windows NT 10.0; Win64; x64) AppleWebKit/537.36 (KHTML, like Gecko) Chrome/81.0.4044.92 Safari/537.36','/oauth/token','password=%5B123456%5D&randomStr=%5B90151587095933745%5D&code=%5Bw366%5D&grant_type=%5Bpassword%5D&scope=%5Bserver%5D&username=%5Badmin%5D','0','XXXX内网IP','1','0',NULL),
('1251704765441499138','1','admin','2020-04-19 10:50:46','2021-05-08 09:39:00','127.0.0.1','Mozilla/5.0 (Windows NT 10.0; Win64; x64) AppleWebKit/537.36 (KHTML, like Gecko) Chrome/81.0.4044.113 Safari/537.36','/oauth/token','password=%5B123456%5D&randomStr=%5B16541587264639894%5D&code=%5Bdfnp%5D&grant_type=%5Bpassword%5D&scope=%5Bserver%5D&username=%5Badmin%5D','0','XXXX内网IP','1','0',NULL),
('1251886991726723074','1','admin','2020-04-19 22:54:52','2021-05-08 09:39:00','127.0.0.1','Mozilla/5.0 (Windows NT 10.0; Win64; x64) AppleWebKit/537.36 (KHTML, like Gecko) Chrome/81.0.4044.113 Safari/537.36','/oauth/token','password=%5B123456%5D&randomStr=%5B29691587308082629%5D&code=%5Bgxey%5D&grant_type=%5Bpassword%5D&scope=%5Bserver%5D&username=%5Badmin%5D','0','XXXX内网IP','1','0',NULL),
('1252102109362229249','1','admin','2020-04-20 13:09:40','2021-05-08 09:39:00','127.0.0.1','Mozilla/5.0 (Windows NT 10.0; Win64; x64) AppleWebKit/537.36 (KHTML, like Gecko) Chrome/81.0.4044.113 Safari/537.36','/oauth/token','password=%5B123456%5D&randomStr=%5B34201587359372985%5D&code=%5B7y38%5D&grant_type=%5Bpassword%5D&scope=%5Bserver%5D&username=%5Badmin%5D','0',NULL,'1','0',NULL),
('1252111395379302401','1','admin','2020-04-20 13:46:34','2021-05-08 09:39:00','127.0.0.1','Mozilla/5.0 (Windows NT 10.0; Win64; x64) AppleWebKit/537.36 (KHTML, like Gecko) Chrome/81.0.4044.113 Safari/537.36','/oauth/token','password=%5B123456%5D&randomStr=%5B94771587361582492%5D&code=%5B8e6w%5D&grant_type=%5Bpassword%5D&scope=%5Bserver%5D&username=%5Badmin%5D','0',NULL,'1','0',NULL),
('1252111540066013185','1','admin','2020-04-20 13:47:08','2021-05-08 09:39:00','127.0.0.1','Mozilla/5.0 (Windows NT 10.0; Win64; x64) AppleWebKit/537.36 (KHTML, like Gecko) Chrome/81.0.4044.113 Safari/537.36','/oauth/token','password=%5B123456%5D&randomStr=%5B78961587361624615%5D&code=%5B42dc%5D&grant_type=%5Bpassword%5D&scope=%5Bserver%5D&username=%5Badmin%5D','0','XXXX内网IP','1','0',NULL),
('1252111619946532865','4','admin2','2020-04-20 13:47:27','2021-05-08 09:39:00','127.0.0.1','Mozilla/5.0 (Windows NT 10.0; Win64; x64) AppleWebKit/537.36 (KHTML, like Gecko) Chrome/81.0.4044.113 Safari/537.36','/oauth/token','password=%5B123456%5D&randomStr=%5B45761587361640134%5D&code=%5Bp3nx%5D&grant_type=%5Bpassword%5D&scope=%5Bserver%5D&username=%5Badmin2%5D','0','XXXX内网IP','1','0',NULL),
('1252218785017638914','1','admin','2020-04-20 20:53:18','2021-05-08 09:39:00','127.0.0.1','Mozilla/5.0 (Windows NT 10.0; Win64; x64) AppleWebKit/537.36 (KHTML, like Gecko) Chrome/81.0.4044.113 Safari/537.36','/oauth/token','password=%5B123456%5D&randomStr=%5B82791587387189233%5D&code=%5B25y5%5D&grant_type=%5Bpassword%5D&scope=%5Bserver%5D&username=%5Badmin%5D','0',NULL,'1','0',NULL),
('1252240288799105025','1','admin','2020-04-20 22:18:45','2021-05-08 09:39:00','127.0.0.1','Mozilla/5.0 (Windows NT 10.0; Win64; x64) AppleWebKit/537.36 (KHTML, like Gecko) Chrome/81.0.4044.113 Safari/537.36','/oauth/token','password=%5B123456%5D&randomStr=%5B81431587392314738%5D&code=%5Bmgnm%5D&grant_type=%5Bpassword%5D&scope=%5Bserver%5D&username=%5Badmin%5D','0',NULL,'1','0',NULL),
('1252603225518743554','1','admin','2020-04-21 22:20:55','2021-05-08 09:39:00','127.0.0.1','Mozilla/5.0 (Windows NT 10.0; Win64; x64) AppleWebKit/537.36 (KHTML, like Gecko) Chrome/81.0.4044.113 Safari/537.36','/oauth/token','password=%5B123456%5D&randomStr=%5B74031587478849828%5D&code=%5Bc7bf%5D&grant_type=%5Bpassword%5D&scope=%5Bserver%5D&username=%5Badmin%5D','0','XXXX内网IP','1','0',NULL),
('1252782400363896834','1','admin','2020-04-22 10:12:54','2021-05-08 09:39:00','127.0.0.1','Mozilla/5.0 (Windows NT 10.0; Win64; x64) AppleWebKit/537.36 (KHTML, like Gecko) Chrome/81.0.4044.113 Safari/537.36','/oauth/token','password=%5B123456%5D&randomStr=%5B31351587521566906%5D&code=%5B75gc%5D&grant_type=%5Bpassword%5D&scope=%5Bserver%5D&username=%5Badmin%5D','0',NULL,'1','0',NULL),
('1252864816260653058','4','admin2','2020-04-22 15:40:23','2021-05-08 09:39:00','127.0.0.1','Mozilla/5.0 (Windows NT 10.0; Win64; x64) AppleWebKit/537.36 (KHTML, like Gecko) Chrome/81.0.4044.113 Safari/537.36','/oauth/token','password=%5B123456%5D&randomStr=%5B37131587541218117%5D&code=%5Bgpcc%5D&grant_type=%5Bpassword%5D&scope=%5Bserver%5D&username=%5Badmin2%5D','0',NULL,'2','0',NULL),
('1252865342029242370','1','admin','2020-04-22 15:42:29','2021-05-08 09:39:00','127.0.0.1','Mozilla/5.0 (Windows NT 10.0; Win64; x64) AppleWebKit/537.36 (KHTML, like Gecko) Chrome/81.0.4044.113 Safari/537.36','/oauth/token','password=%5B123456%5D&randomStr=%5B84291587541343348%5D&code=%5Bn6e4%5D&grant_type=%5Bpassword%5D&scope=%5Bserver%5D&username=%5Badmin%5D','0',NULL,'1','0',NULL),
('1252975211117821953','1','admin','2020-04-22 22:59:04','2021-05-08 09:39:00','127.0.0.1','Mozilla/5.0 (Windows NT 10.0; Win64; x64) AppleWebKit/537.36 (KHTML, like Gecko) Chrome/81.0.4044.122 Safari/537.36','/oauth/token','password=%5B123456%5D&randomStr=%5B40881587567535802%5D&code=%5By4bc%5D&grant_type=%5Bpassword%5D&scope=%5Bserver%5D&username=%5Badmin%5D','0',NULL,'1','0',NULL),
('1253234982148423681','1','admin','2020-04-23 16:11:18','2021-05-08 09:39:00','127.0.0.1','Mozilla/5.0 (Windows NT 10.0; Win64; x64) AppleWebKit/537.36 (KHTML, like Gecko) Chrome/81.0.4044.122 Safari/537.36','/oauth/token','password=%5B123456%5D&randomStr=%5B51801587629470951%5D&code=%5B2g8w%5D&grant_type=%5Bpassword%5D&scope=%5Bserver%5D&username=%5Badmin%5D','0',NULL,'1','0',NULL),
('1254251721602699265','1','admin','2020-04-26 11:31:28','2021-05-08 09:39:00','127.0.0.1','Mozilla/5.0 (Windows NT 10.0; Win64; x64) AppleWebKit/537.36 (KHTML, like Gecko) Chrome/81.0.4044.122 Safari/537.36','/oauth/token','password=%5B123456%5D&randomStr=%5B30651587871874728%5D&code=%5Be7y8%5D&grant_type=%5Bpassword%5D&scope=%5Bserver%5D&username=%5Badmin%5D','0',NULL,'1','0',NULL),
('1254359842773901313','1','admin','2020-04-26 18:41:06','2021-05-08 09:39:00','127.0.0.1','Mozilla/5.0 (Windows NT 10.0; Win64; x64) AppleWebKit/537.36 (KHTML, like Gecko) Chrome/81.0.4044.122 Safari/537.36','/oauth/token','password=%5B123456%5D&randomStr=%5B90561587897658516%5D&code=%5Bw7c8%5D&grant_type=%5Bpassword%5D&scope=%5Bserver%5D&username=%5Badmin%5D','0',NULL,'1','0',NULL),
('1254361397161992194','1','admin','2020-04-26 18:47:16','2021-05-08 09:39:00','127.0.0.1','Mozilla/5.0 (Windows NT 10.0; Win64; x64) AppleWebKit/537.36 (KHTML, like Gecko) Chrome/81.0.4044.122 Safari/537.36','/oauth/token','password=%5B123456%5D&randomStr=%5B13301587898031736%5D&code=%5B66a2%5D&grant_type=%5Bpassword%5D&scope=%5Bserver%5D&username=%5Badmin%5D','0',NULL,'1','0',NULL),
('1254364055193018369','1','admin','2020-04-26 18:57:50','2021-05-08 09:39:00','127.0.0.1','Mozilla/5.0 (Windows NT 10.0; Win64; x64) AppleWebKit/537.36 (KHTML, like Gecko) Chrome/81.0.4044.122 Safari/537.36','/oauth/token','password=%5B123456%5D&randomStr=%5B82121587898664944%5D&code=%5Bn3fn%5D&grant_type=%5Bpassword%5D&scope=%5Bserver%5D&username=%5Badmin%5D','0',NULL,'1','0',NULL),
('1255311693245689858','1','admin','2020-04-29 09:43:24','2021-05-08 09:39:00','127.0.0.1','Mozilla/5.0 (Windows NT 10.0; Win64; x64) AppleWebKit/537.36 (KHTML, like Gecko) Chrome/81.0.4044.129 Safari/537.36','/oauth/token','password=%5B123456%5D&randomStr=%5B94031588124581489%5D&code=%5B3png%5D&grant_type=%5Bpassword%5D&scope=%5Bserver%5D&username=%5Badmin%5D','0',NULL,'1','0',NULL),
('1255311845863829505','1','admin','2020-04-29 09:44:01','2021-05-08 09:39:00','127.0.0.1','Mozilla/5.0 (Windows NT 10.0; Win64; x64) AppleWebKit/537.36 (KHTML, like Gecko) Chrome/81.0.4044.129 Safari/537.36','/oauth/token','password=%5B123456%5D&randomStr=%5B66691588124605909%5D&code=%5B743e%5D&grant_type=%5Bpassword%5D&scope=%5Bserver%5D&username=%5Badmin%5D','0',NULL,'1','0',NULL),
('1255312602960846850','1','admin','2020-04-29 09:47:01','2021-05-08 09:39:00','127.0.0.1','Mozilla/5.0 (Windows NT 10.0; Win64; x64) AppleWebKit/537.36 (KHTML, like Gecko) Chrome/81.0.4044.129 Safari/537.36','/oauth/token','password=%5B123456%5D&randomStr=%5B99891588124816127%5D&code=%5Bd4ff%5D&grant_type=%5Bpassword%5D&scope=%5Bserver%5D&username=%5Badmin%5D','0',NULL,'1','0',NULL),
('1255313210719690754','1','admin','2020-04-29 09:49:26','2021-05-08 09:39:00','127.0.0.1','Mozilla/5.0 (Windows NT 10.0; Win64; x64) AppleWebKit/537.36 (KHTML, like Gecko) Chrome/81.0.4044.129 Safari/537.36','/oauth/token','password=%5B123456%5D&randomStr=%5B34941588124823015%5D&code=%5Bwf28%5D&grant_type=%5Bpassword%5D&scope=%5Bserver%5D&username=%5Badmin%5D','0',NULL,'1','0',NULL),
('1255379083329277953','1','admin','2020-04-29 14:11:12','2021-05-08 09:39:00','127.0.0.1','Mozilla/5.0 (Windows NT 10.0; Win64; x64) AppleWebKit/537.36 (KHTML, like Gecko) Chrome/81.0.4044.129 Safari/537.36','/oauth/token','password=%5B123456%5D&randomStr=%5B12321588140666320%5D&code=%5B6c6n%5D&grant_type=%5Bpassword%5D&scope=%5Bserver%5D&username=%5Badmin%5D','0',NULL,'1','0',NULL),
('1255450988191154178','1','admin','2020-04-29 18:56:55','2021-05-08 09:39:00','127.0.0.1','Mozilla/5.0 (Windows NT 10.0; Win64; x64) AppleWebKit/537.36 (KHTML, like Gecko) Chrome/81.0.4044.129 Safari/537.36','/oauth/token','password=%5B123456%5D&randomStr=%5B88831588157808601%5D&code=%5Bbep6%5D&grant_type=%5Bpassword%5D&scope=%5Bserver%5D&username=%5Badmin%5D','0',NULL,'1','0',NULL),
('1255670007074652162','1','admin','2020-04-30 09:27:13','2021-05-08 09:39:00','127.0.0.1','Mozilla/5.0 (Windows NT 10.0; Win64; x64) AppleWebKit/537.36 (KHTML, like Gecko) Chrome/81.0.4044.129 Safari/537.36','/oauth/token','password=%5B123456%5D&randomStr=%5B50741588210026040%5D&code=%5Bp5xg%5D&grant_type=%5Bpassword%5D&scope=%5Bserver%5D&username=%5Badmin%5D','0',NULL,'1','0',NULL),
('1255748054570348546','1','admin','2020-04-30 14:37:21','2021-05-08 09:39:00','127.0.0.1','Mozilla/5.0 (Windows NT 10.0; Win64; x64) AppleWebKit/537.36 (KHTML, like Gecko) Chrome/81.0.4044.129 Safari/537.36','/oauth/token','password=%5B123456%5D&randomStr=%5B87311588228633451%5D&code=%5Bgnmd%5D&grant_type=%5Bpassword%5D&scope=%5Bserver%5D&username=%5Badmin%5D','0',NULL,'1','0',NULL),
('1255768554466045953','1','admin','2020-04-30 15:58:49','2021-05-08 09:39:00','127.0.0.1','Mozilla/5.0 (Windows NT 10.0; Win64; x64) AppleWebKit/537.36 (KHTML, like Gecko) Chrome/81.0.4044.129 Safari/537.36','/oauth/token','password=%5B123456%5D&randomStr=%5B96951588233519512%5D&code=%5By666%5D&grant_type=%5Bpassword%5D&scope=%5Bserver%5D&username=%5Badmin%5D','0',NULL,'1','0',NULL),
('1255795975743348738','1','admin','2020-04-30 17:47:46','2021-05-08 09:39:00','127.0.0.1','Mozilla/5.0 (Windows NT 10.0; Win64; x64) AppleWebKit/537.36 (KHTML, like Gecko) Chrome/81.0.4044.129 Safari/537.36','/oauth/token','password=%5B123456%5D&randomStr=%5B78651588240061139%5D&code=%5B8bn6%5D&grant_type=%5Bpassword%5D&scope=%5Bserver%5D&username=%5Badmin%5D','0',NULL,'1','0',NULL),
('1256036947131752449','1','admin','2020-05-01 09:45:18','2021-05-08 09:39:00','127.0.0.1','Mozilla/5.0 (Windows NT 10.0; Win64; x64) AppleWebKit/537.36 (KHTML, like Gecko) Chrome/81.0.4044.129 Safari/537.36','/oauth/token','password=%5B123456%5D&randomStr=%5B86001588297512128%5D&code=%5Bn6e6%5D&grant_type=%5Bpassword%5D&scope=%5Bserver%5D&username=%5Badmin%5D','0',NULL,'1','0',NULL),
('1256828373398544385','1','admin','2020-05-03 14:10:09','2021-05-08 09:39:00','127.0.0.1','Mozilla/5.0 (Windows NT 10.0; Win64; x64) AppleWebKit/537.36 (KHTML, like Gecko) Chrome/81.0.4044.129 Safari/537.36','/oauth/token','password=%5B123456%5D&randomStr=%5B88261588486203101%5D&code=%5Bdb5p%5D&grant_type=%5Bpassword%5D&scope=%5Bserver%5D&username=%5Badmin%5D','0',NULL,'1','0',NULL),
('1256874518946603009','1','admin','2020-05-03 17:13:31','2021-05-08 09:39:00','127.0.0.1','Mozilla/5.0 (Windows NT 10.0; Win64; x64) AppleWebKit/537.36 (KHTML, like Gecko) Chrome/81.0.4044.129 Safari/537.36','/oauth/token','password=%5B123456%5D&randomStr=%5B48841588497204544%5D&code=%5Bn46a%5D&grant_type=%5Bpassword%5D&scope=%5Bserver%5D&username=%5Badmin%5D','0','XXXX内网IP','1','0',NULL),
('1256921563719905281','1','admin','2020-05-03 20:20:27','2021-05-08 09:39:00','127.0.0.1','Mozilla/5.0 (Windows NT 10.0; Win64; x64) AppleWebKit/537.36 (KHTML, like Gecko) Chrome/81.0.4044.129 Safari/537.36','/oauth/token','password=%5B123456%5D&randomStr=%5B70861588508419422%5D&code=%5Bp364%5D&grant_type=%5Bpassword%5D&scope=%5Bserver%5D&username=%5Badmin%5D','0',NULL,'1','0',NULL),
('1257145488051642369','1','admin','2020-05-04 11:10:15','2021-05-08 09:39:00','127.0.0.1','Mozilla/5.0 (Windows NT 10.0; Win64; x64) AppleWebKit/537.36 (KHTML, like Gecko) Chrome/81.0.4044.129 Safari/537.36','/oauth/token','password=%5B123456%5D&randomStr=%5B54461588561802607%5D&code=%5Byg7d%5D&grant_type=%5Bpassword%5D&scope=%5Bserver%5D&username=%5Badmin%5D','0',NULL,'1','0',NULL),
('1257547370494488578','5','test','2020-05-05 13:47:11','2021-05-08 09:39:00','110.53.253.25','Mozilla/5.0 (Macintosh; Intel Mac OS X 10_15_3) AppleWebKit/537.36 (KHTML, like Gecko) Chrome/81.0.4044.122 Safari/537.36','/oauth/token','password=%5B123456%5D&randomStr=%5B92011588657605964%5D&code=%5Bf6me%5D&grant_type=%5Bpassword%5D&scope=%5Bserver%5D&username=%5Btest%5D','0',NULL,'1','0',NULL),
('1257599687260434434','1','admin','2020-05-05 17:15:05','2021-05-08 09:39:00','127.0.0.1','Mozilla/5.0 (Windows NT 10.0; Win64; x64) AppleWebKit/537.36 (KHTML, like Gecko) Chrome/81.0.4044.129 Safari/537.36','/oauth/token','password=%5B123456%5D&randomStr=%5B40701588670101103%5D&code=%5Bxcec%5D&grant_type=%5Bpassword%5D&scope=%5Bserver%5D&username=%5Badmin%5D','0',NULL,'1','0',NULL),
('1257856586182635521','1','admin','2020-05-06 10:15:54','2021-05-08 09:39:00','127.0.0.1','Mozilla/5.0 (Windows NT 10.0; Win64; x64) AppleWebKit/537.36 (KHTML, like Gecko) Chrome/81.0.4044.129 Safari/537.36','/oauth/token','password=%5B123456%5D&randomStr=%5B85001588731345783%5D&code=%5Bwxwf%5D&grant_type=%5Bpassword%5D&scope=%5Bserver%5D&username=%5Badmin%5D','0','XXXX内网IP','1','0',NULL),
('1257861424207441922','1','admin','2020-05-06 10:35:08','2021-05-08 09:39:00','127.0.0.1','Mozilla/5.0 (Windows NT 10.0; Win64; x64) AppleWebKit/537.36 (KHTML, like Gecko) Chrome/81.0.4044.129 Safari/537.36','/oauth/token','password=%5B123456%5D&randomStr=%5B63201588732502968%5D&code=%5Bffb6%5D&grant_type=%5Bpassword%5D&scope=%5Bserver%5D&username=%5Badmin%5D','0',NULL,'1','0',NULL),
('1257895317128085506','1','admin','2020-05-06 12:49:48','2021-05-08 09:39:00','127.0.0.1','Mozilla/5.0 (Windows NT 10.0; Win64; x64) AppleWebKit/537.36 (KHTML, like Gecko) Chrome/81.0.4044.129 Safari/537.36','/oauth/token','password=%5B123456%5D&randomStr=%5B61181588740568297%5D&code=%5Bnpxg%5D&grant_type=%5Bpassword%5D&scope=%5Bserver%5D&username=%5Badmin%5D','0','XXXX内网IP','1','0',NULL),
('1257899275527651330','1','admin','2020-05-06 13:05:32','2021-05-08 09:39:00','127.0.0.1','Mozilla/5.0 (Windows NT 10.0; Win64; x64) AppleWebKit/537.36 (KHTML, like Gecko) Chrome/81.0.4044.129 Safari/537.36','/oauth/token','password=%5B123456%5D&randomStr=%5B44841588741527706%5D&code=%5B6bgc%5D&grant_type=%5Bpassword%5D&scope=%5Bserver%5D&username=%5Badmin%5D','0',NULL,'1','0',NULL),
('1257960712463712257','1','admin','2020-05-06 17:09:40','2021-05-08 09:39:00','127.0.0.1','Mozilla/5.0 (Windows NT 10.0; Win64; x64) AppleWebKit/537.36 (KHTML, like Gecko) Chrome/81.0.4044.129 Safari/537.36','/oauth/token','password=%5B123456%5D&randomStr=%5B83421588756172720%5D&code=%5Bmpgn%5D&grant_type=%5Bpassword%5D&scope=%5Bserver%5D&username=%5Badmin%5D','0',NULL,'1','0',NULL),
('1258314494045532161','1','admin','2020-05-07 16:35:28','2021-05-08 09:39:00','127.0.0.1','Mozilla/5.0 (Windows NT 10.0; Win64; x64) AppleWebKit/537.36 (KHTML, like Gecko) Chrome/81.0.4044.129 Safari/537.36','/oauth/token','password=%5B123456%5D&randomStr=%5B37951588840519716%5D&code=%5Bn4nn%5D&grant_type=%5Bpassword%5D&scope=%5Bserver%5D&username=%5Badmin%5D','0',NULL,'1','0',NULL),
('1258600597768048642','1','admin','2020-05-08 11:32:20','2021-05-08 09:39:00','127.0.0.1','Mozilla/5.0 (Windows NT 10.0; Win64; x64) AppleWebKit/537.36 (KHTML, like Gecko) Chrome/81.0.4044.138 Safari/537.36','/oauth/token','password=%5B123456%5D&randomStr=%5B38321588908734057%5D&code=%5Bnp3e%5D&grant_type=%5Bpassword%5D&scope=%5Bserver%5D&username=%5Badmin%5D','0',NULL,'1','0',NULL),
('1258935512044867585','1','admin','2020-05-09 09:43:10','2021-05-08 09:39:00','127.0.0.1','Mozilla/5.0 (Windows NT 10.0; Win64; x64) AppleWebKit/537.36 (KHTML, like Gecko) Chrome/81.0.4044.138 Safari/537.36','/oauth/token','password=%5B123456%5D&randomStr=%5B32041588988586287%5D&code=%5Bxpmd%5D&grant_type=%5Bpassword%5D&scope=%5Bserver%5D&username=%5Badmin%5D','0',NULL,'1','0',NULL),
('1259003890835021825','4','admin2','2020-05-09 14:14:53','2021-05-08 09:39:00','127.0.0.1','Mozilla/5.0 (Windows NT 10.0; Win64; x64) AppleWebKit/537.36 (KHTML, like Gecko) Chrome/81.0.4044.138 Safari/537.36','/oauth/token','password=%5B123456%5D&randomStr=%5B69741589004886047%5D&code=%5Bnma8%5D&grant_type=%5Bpassword%5D&scope=%5Bserver%5D&username=%5Badmin2%5D','0',NULL,'2','0',NULL),
('1259007342759796737','1','admin','2020-05-09 14:28:36','2021-05-08 09:39:00','127.0.0.1','Mozilla/5.0 (Windows NT 10.0; Win64; x64) AppleWebKit/537.36 (KHTML, like Gecko) Chrome/81.0.4044.138 Safari/537.36','/oauth/token','password=%5B123456%5D&randomStr=%5B28491589005709152%5D&code=%5B2c7m%5D&grant_type=%5Bpassword%5D&scope=%5Bserver%5D&username=%5Badmin%5D','0',NULL,'1','0',NULL),
('1259660842271457282','1','admin','2020-05-11 09:45:22','2021-05-08 09:39:00','127.0.0.1','Mozilla/5.0 (Windows NT 10.0; Win64; x64) AppleWebKit/537.36 (KHTML, like Gecko) Chrome/81.0.4044.138 Safari/537.36','/oauth/token','password=%5B123456%5D&randomStr=%5B44371589161515849%5D&code=%5Bwxfw%5D&grant_type=%5Bpassword%5D&scope=%5Bserver%5D&username=%5Badmin%5D','0',NULL,'1','0',NULL),
('1261986351047188482','1','admin','2020-05-17 19:46:07','2021-05-08 09:39:00','127.0.0.1','Mozilla/5.0 (Windows NT 10.0; Win64; x64) AppleWebKit/537.36 (KHTML, like Gecko) Chrome/81.0.4044.138 Safari/537.36','/oauth/token','password=%5B123456%5D&randomStr=%5B81651589715959993%5D&code=%5B5y4n%5D&grant_type=%5Bpassword%5D&scope=%5Bserver%5D&username=%5Badmin%5D','0',' 本机地址','1','0',NULL),
('1263815629107834881','1','admin','2020-05-22 20:55:01','2021-05-08 09:39:00','127.0.0.1','Mozilla/5.0 (Windows NT 10.0; Win64; x64) AppleWebKit/537.36 (KHTML, like Gecko) Chrome/83.0.4103.61 Safari/537.36','/oauth/token','password=%5B123456%5D&randomStr=%5B66831590152094683%5D&code=%5Bnn3c%5D&grant_type=%5Bpassword%5D&scope=%5Bserver%5D&username=%5Badmin%5D','0',' 本机地址','1','0',NULL),
('1263823742208716802','1','admin','2020-05-22 21:27:15','2021-05-08 09:39:00','127.0.0.1','Mozilla/5.0 (Windows NT 10.0; Win64; x64) AppleWebKit/537.36 (KHTML, like Gecko) Chrome/83.0.4103.61 Safari/537.36','/oauth/token','password=%5B123456%5D&randomStr=%5B73411590154027236%5D&code=%5Bbgcw%5D&grant_type=%5Bpassword%5D&scope=%5Bserver%5D&username=%5Badmin%5D','0',' 本机地址','1','0',NULL),
('1264180579097604098','1','admin','2020-05-23 21:05:12','2021-05-08 09:39:00','127.0.0.1','Mozilla/5.0 (Windows NT 10.0; Win64; x64) AppleWebKit/537.36 (KHTML, like Gecko) Chrome/83.0.4103.61 Safari/537.36','/oauth/token','password=%5B123456%5D&randomStr=%5B73891590239101298%5D&code=%5By486%5D&grant_type=%5Bpassword%5D&scope=%5Bserver%5D&username=%5Badmin%5D','0',' 本机地址','1','0',NULL),
('1266192325828120577','1','admin','2020-05-29 10:19:09','2021-05-08 09:39:00','127.0.0.1','Mozilla/5.0 (Windows NT 10.0; Win64; x64) AppleWebKit/537.36 (KHTML, like Gecko) Chrome/83.0.4103.61 Safari/537.36','/oauth/token','password=%5B123456%5D&randomStr=%5B86541590718740542%5D&code=%5Bdn76%5D&grant_type=%5Bpassword%5D&scope=%5Bserver%5D&username=%5Badmin%5D','0',' 本机地址','1','0',NULL),
('1270897270952341505','1','admin','2020-06-11 09:54:56','2021-05-08 09:39:00','127.0.0.1','Mozilla/5.0 (Windows NT 10.0; Win64; x64) AppleWebKit/537.36 (KHTML, like Gecko) Chrome/83.0.4103.97 Safari/537.36','/oauth/token','password=%5B123456%5D&randomStr=%5B76071591840489389%5D&code=%5Bdxef%5D&grant_type=%5Bpassword%5D&scope=%5Bserver%5D&username=%5Badmin%5D','0',' 本机地址','1','0',NULL),
('1270906715363135490','1','admin','2020-06-11 10:32:28','2021-05-08 09:39:00','127.0.0.1','Mozilla/5.0 (Windows NT 10.0; Win64; x64) AppleWebKit/537.36 (KHTML, like Gecko) Chrome/83.0.4103.97 Safari/537.36','/oauth/token','password=%5B123456%5D&randomStr=%5B20471591842741631%5D&code=%5Ba7ge%5D&grant_type=%5Bpassword%5D&scope=%5Bserver%5D&username=%5Badmin%5D','0',' 本机地址','1','0',NULL),
('1270907357389443074','1','admin','2020-06-11 10:35:00','2021-05-08 09:39:00','127.0.0.1','Mozilla/5.0 (Windows NT 10.0; Win64; x64) AppleWebKit/537.36 (KHTML, like Gecko) Chrome/83.0.4103.97 Safari/537.36','/oauth/token','password=%5B123456%5D&randomStr=%5B16271591842894748%5D&code=%5Bxy77%5D&grant_type=%5Bpassword%5D&scope=%5Bserver%5D&username=%5Badmin%5D','0',' 本机地址','1','0',NULL),
('1270933575648215042','1','admin','2020-06-11 12:19:12','2021-05-08 09:39:00','127.0.0.1','Mozilla/5.0 (Windows NT 10.0; Win64; x64) AppleWebKit/537.36 (KHTML, like Gecko) Chrome/83.0.4103.97 Safari/537.36','/oauth/token','password=%5B123456%5D&randomStr=%5B69191591849144788%5D&code=%5Bn7ad%5D&grant_type=%5Bpassword%5D&scope=%5Bserver%5D&username=%5Badmin%5D','0',' 本机地址','1','0',NULL),
('1272478944446193666','1','admin','2020-06-15 18:39:56','2021-05-08 09:39:00','127.0.0.1','Mozilla/5.0 (Windows NT 10.0; Win64; x64) AppleWebKit/537.36 (KHTML, like Gecko) Chrome/83.0.4103.97 Safari/537.36','/oauth/token','password=%5B123456%5D&randomStr=%5B15921592217589071%5D&code=%5Bwf7e%5D&grant_type=%5Bpassword%5D&scope=%5Bserver%5D&username=%5Badmin%5D','0',' 本机地址','1','0',NULL),
('1273603320528834562','1','admin','2020-06-18 21:07:48','2021-05-08 09:39:00','127.0.0.1','Mozilla/5.0 (Windows NT 10.0; Win64; x64) AppleWebKit/537.36 (KHTML, like Gecko) Chrome/83.0.4103.97 Safari/537.36','/oauth/token','password=%5B123456%5D&randomStr=%5B35401592485662137%5D&code=%5Bd4nd%5D&grant_type=%5Bpassword%5D&scope=%5Bserver%5D&username=%5Badmin%5D','0',' 本机地址','1','0',NULL),
('1275400707052212226','1','admin','2020-06-23 20:09:59','2021-05-08 09:39:00','127.0.0.1','Mozilla/5.0 (Windows NT 10.0; Win64; x64) AppleWebKit/537.36 (KHTML, like Gecko) Chrome/83.0.4103.97 Safari/537.36','/oauth/token','password=%5B123456%5D&randomStr=%5B90291592914192805%5D&code=%5B8d8d%5D&grant_type=%5Bpassword%5D&scope=%5Bserver%5D&username=%5Badmin%5D','0',' 本机地址','1','0',NULL),
('1282652040515891201','1','admin','2020-07-13 20:24:11','2021-05-08 09:39:00','127.0.0.1','Mozilla/5.0 (Windows NT 10.0; Win64; x64) AppleWebKit/537.36 (KHTML, like Gecko) Chrome/83.0.4103.116 Safari/537.36','/oauth/token','password=%5B123456%5D&randomStr=%5B48171594643044198%5D&code=%5Bge88%5D&grant_type=%5Bpassword%5D&scope=%5Bserver%5D&username=%5Badmin%5D','0',' 本机地址','1','0',NULL),
('1283956633874989058','1','admin','2020-07-17 10:48:10','2021-05-08 09:39:00','127.0.0.1','Mozilla/5.0 (Windows NT 10.0; Win64; x64) AppleWebKit/537.36 (KHTML, like Gecko) Chrome/84.0.4147.89 Safari/537.36','/oauth/token','password=%5B123456%5D&randomStr=%5B38991594954083584%5D&code=%5Bc6xn%5D&grant_type=%5Bpassword%5D&scope=%5Bserver%5D&username=%5Badmin%5D','0',' 本机地址','1','0',NULL),
('1286228947496919042','1','admin','2020-07-23 17:17:32','2021-05-08 09:39:00','127.0.0.1','Mozilla/5.0 (Windows NT 10.0; Win64; x64) AppleWebKit/537.36 (KHTML, like Gecko) Chrome/84.0.4147.89 Safari/537.36','/oauth/token','password=%5B123456%5D&randomStr=%5B85021595495841043%5D&code=%5Bbawd%5D&grant_type=%5Bpassword%5D&scope=%5Bserver%5D&username=%5Badmin%5D','0',' 本机地址','1','0',NULL),
('1290165535234899970','1','admin','2020-08-03 14:00:08','2021-05-08 09:39:00','127.0.0.1','Mozilla/5.0 (Windows NT 10.0; Win64; x64) AppleWebKit/537.36 (KHTML, like Gecko) Chrome/84.0.4147.105 Safari/537.36','/oauth/token','password=%5B123456%5D&randomStr=%5B55791596434400399%5D&code=%5Bgpm5%5D&grant_type=%5Bpassword%5D&scope=%5Bserver%5D&username=%5Badmin%5D','0',' 本机地址','1','0',NULL),
('1290166696369242113','1','admin','2020-08-03 14:04:45','2021-05-08 09:39:00','127.0.0.1','Mozilla/5.0 (Windows NT 10.0; Win64; x64) AppleWebKit/537.36 (KHTML, like Gecko) Chrome/84.0.4147.105 Safari/537.36','/oauth/token','password=%5B123456%5D&randomStr=%5B66871596434679736%5D&code=%5B457g%5D&grant_type=%5Bpassword%5D&scope=%5Bserver%5D&username=%5Badmin%5D','0',' 本机地址','1','0',NULL),
('1301131240428048386','1','admin','2020-09-02 20:13:56','2021-05-08 09:39:00','127.0.0.1','Mozilla/5.0 (Windows NT 10.0; Win64; x64) AppleWebKit/537.36 (KHTML, like Gecko) Chrome/85.0.4183.83 Safari/537.36','/oauth/token','password=%5B123456%5D&randomStr=%5B27751599048830261%5D&code=%5Bpx66%5D&grant_type=%5Bpassword%5D&scope=%5Bserver%5D&username=%5Badmin%5D','0',' 本机地址','1','0',NULL),
('1301157912405622786','1','admin','2020-09-02 21:59:55','2021-05-08 09:39:00','127.0.0.1','Mozilla/5.0 (Windows NT 10.0; Win64; x64) AppleWebKit/537.36 (KHTML, like Gecko) Chrome/85.0.4183.83 Safari/537.36','/oauth/token','password=%5B123456%5D&randomStr=%5B39051599055191191%5D&code=%5Bea48%5D&grant_type=%5Bpassword%5D&scope=%5Bserver%5D&username=%5Badmin%5D','0',' 本机地址','1','0',NULL),
('1301506457469992962','1','admin','2020-09-03 21:04:54','2021-05-08 09:39:00','127.0.0.1','Mozilla/5.0 (Windows NT 10.0; Win64; x64) AppleWebKit/537.36 (KHTML, like Gecko) Chrome/85.0.4183.83 Safari/537.36','/oauth/token','password=%5B123456%5D&randomStr=%5B29311599138288493%5D&code=%5Bn66y%5D&grant_type=%5Bpassword%5D&scope=%5Bserver%5D&username=%5Badmin%5D','0',' 本机地址','1','0',NULL),
('1303566855339286529','1','admin','2020-09-09 13:32:12','2021-05-08 09:39:00','127.0.0.1','Mozilla/5.0 (Windows NT 10.0; Win64; x64) AppleWebKit/537.36 (KHTML, like Gecko) Chrome/85.0.4183.83 Safari/537.36','/oauth/token','password=%5B123456%5D&randomStr=%5B93711599629525429%5D&code=%5B3ww8%5D&grant_type=%5Bpassword%5D&scope=%5Bserver%5D&username=%5Badmin%5D','0',' 本机地址','1','0',NULL),
('1303869754648862722','1','admin','2020-09-10 09:35:48','2021-05-08 09:39:00','127.0.0.1','Mozilla/5.0 (Windows NT 10.0; Win64; x64) AppleWebKit/537.36 (KHTML, like Gecko) Chrome/85.0.4183.83 Safari/537.36','/oauth/token','password=%5B123456%5D&randomStr=%5B61421599701744304%5D&code=%5Bee2b%5D&grant_type=%5Bpassword%5D&scope=%5Bserver%5D&username=%5Badmin%5D','0',' 本机地址','1','0',NULL),
('1303972366282964994','1','admin','2020-09-10 16:23:33','2021-05-08 09:39:00','127.0.0.1','Mozilla/5.0 (Windows NT 10.0; Win64; x64) AppleWebKit/537.36 (KHTML, like Gecko) Chrome/85.0.4183.83 Safari/537.36','/oauth/token','password=%5B123456%5D&randomStr=%5B24881599726206730%5D&code=%5Bx4py%5D&grant_type=%5Bpassword%5D&scope=%5Bserver%5D&username=%5Badmin%5D','0',' 本机地址','1','0',NULL),
('1320336509888409602','1','admin','2020-10-25 20:08:49','2021-05-08 09:39:00','127.0.0.1','Mozilla/5.0 (Windows NT 10.0; Win64; x64) AppleWebKit/537.36 (KHTML, like Gecko) Chrome/86.0.4240.111 Safari/537.36','/oauth/token','password=%5B123456%5D&randomStr=%5B53941603627724195%5D&code=%5B8px5%5D&grant_type=%5Bpassword%5D&scope=%5Bserver%5D&username=%5Badmin%5D','0',' 本机地址','1','0',NULL),
('1331091826104369154','1','admin','2020-11-24 12:26:36','2021-05-08 09:39:00','127.0.0.1','Mozilla/5.0 (Windows NT 10.0; Win64; x64) AppleWebKit/537.36 (KHTML, like Gecko) Chrome/87.0.4280.66 Safari/537.36','/oauth/token','password=%5B123456%5D&randomStr=%5B76311606191991025%5D&code=%5Baab4%5D&grant_type=%5Bpassword%5D&scope=%5Bserver%5D&username=%5Badmin%5D','0',' 本机地址','1','0',NULL),
('1331819392150822913','1','admin','2020-11-26 12:37:41','2021-05-08 09:39:00','120.228.230.235','Mozilla/5.0 (Windows NT 10.0; Win64; x64) AppleWebKit/537.36 (KHTML, like Gecko) Chrome/87.0.4280.66 Safari/537.36','/oauth/token','password=%5B123456%5D&randomStr=%5B89261606365451688%5D&code=%5Bpfcg%5D&grant_type=%5Bpassword%5D&scope=%5Bserver%5D&username=%5Badmin%5D','0','湖南省益阳市 移通','1','0',NULL),
('1331819685684994050','1','admin','2020-11-26 12:38:51','2021-05-08 09:39:00','127.0.0.1','Mozilla/5.0 (Windows NT 10.0; Win64; x64) AppleWebKit/537.36 (KHTML, like Gecko) Chrome/87.0.4280.66 Safari/537.36','/oauth/token','password=%5B123456%5D&randomStr=%5B15241606365526835%5D&code=%5Bn2n8%5D&grant_type=%5Bpassword%5D&scope=%5Bserver%5D&username=%5Badmin%5D','0',' 本机地址','1','0',NULL),
('1333654073670475777','1','admin','2020-12-01 14:08:04','2021-05-08 09:39:00','127.0.0.1','Mozilla/5.0 (Windows NT 10.0; Win64; x64) AppleWebKit/537.36 (KHTML, like Gecko) Chrome/87.0.4280.66 Safari/537.36','/oauth/token','password=%5B123456%5D&randomStr=%5B50201606802879908%5D&code=%5B2f5n%5D&grant_type=%5Bpassword%5D&scope=%5Bserver%5D&username=%5Badmin%5D','0',' 本机地址','1','0',NULL),
('1333655790948556801','1','admin','2020-12-01 14:14:53','2021-05-08 09:39:00','127.0.0.1','Mozilla/5.0 (Windows NT 10.0; Win64; x64) AppleWebKit/537.36 (KHTML, like Gecko) Chrome/87.0.4280.66 Safari/537.36','/oauth/token','password=%5B123456%5D&randomStr=%5B16021606803289274%5D&code=%5Beycb%5D&grant_type=%5Bpassword%5D&scope=%5Bserver%5D&username=%5Badmin%5D','0',' 本机地址','1','0',NULL),
('1333656870478520322','1','admin','2020-12-01 14:19:10','2021-05-08 09:39:00','127.0.0.1','Mozilla/5.0 (Windows NT 10.0; Win64; x64) AppleWebKit/537.36 (KHTML, like Gecko) Chrome/87.0.4280.66 Safari/537.36','/oauth/token','password=%5B123456%5D&randomStr=%5B26781606803544312%5D&code=%5Bd6be%5D&grant_type=%5Bpassword%5D&scope=%5Bserver%5D&username=%5Badmin%5D','0',' 本机地址','1','0',NULL),
('1333959287900233730','1','admin','2020-12-02 10:20:52','2021-05-08 09:39:00','127.0.0.1','Mozilla/5.0 (Windows NT 10.0; Win64; x64) AppleWebKit/537.36 (KHTML, like Gecko) Chrome/87.0.4280.66 Safari/537.36','/oauth/token','password=%5B123456%5D&randomStr=%5B35141606875645354%5D&code=%5Bdmnb%5D&grant_type=%5Bpassword%5D&scope=%5Bserver%5D&username=%5Badmin%5D','0',' 本机地址','1','0',NULL),
('1333991148206710785','1','admin','2020-12-02 12:27:28','2021-05-08 09:39:00','127.0.0.1','Mozilla/5.0 (Windows NT 10.0; Win64; x64) AppleWebKit/537.36 (KHTML, like Gecko) Chrome/87.0.4280.66 Safari/537.36','/oauth/token','password=%5B123456%5D&randomStr=%5B99971606883243332%5D&code=%5B26ff%5D&grant_type=%5Bpassword%5D&scope=%5Bserver%5D&username=%5Badmin%5D','0',' 本机地址','1','0',NULL),
('1333992458024935425','1','admin','2020-12-02 12:32:41','2021-05-08 09:39:00','127.0.0.1','Mozilla/5.0 (Windows NT 10.0; Win64; x64) AppleWebKit/537.36 (KHTML, like Gecko) Chrome/87.0.4280.66 Safari/537.36','/oauth/token','password=%5B123456%5D&randomStr=%5B29411606883556679%5D&code=%5B8myc%5D&grant_type=%5Bpassword%5D&scope=%5Bserver%5D&username=%5Badmin%5D','0',' 本机地址','1','0',NULL),
('1334007844917239809','1','admin','2020-12-02 13:33:49','2021-05-08 09:39:00','127.0.0.1','Mozilla/5.0 (Windows NT 10.0; Win64; x64) AppleWebKit/537.36 (KHTML, like Gecko) Chrome/87.0.4280.66 Safari/537.36','/oauth/token','password=%5B123456%5D&randomStr=%5B89621606887226121%5D&code=%5Bncgg%5D&grant_type=%5Bpassword%5D&scope=%5Bserver%5D&username=%5Badmin%5D','0',' 本机地址','1','0',NULL),
('1334008848198950913','1','admin','2020-12-02 13:37:48','2021-05-08 09:39:00','127.0.0.1','Mozilla/5.0 (Windows NT 10.0; Win64; x64) AppleWebKit/537.36 (KHTML, like Gecko) Chrome/87.0.4280.66 Safari/537.36','/oauth/token','password=%5B123456%5D&randomStr=%5B57641606887464444%5D&code=%5Bbxdb%5D&grant_type=%5Bpassword%5D&scope=%5Bserver%5D&username=%5Badmin%5D','0',' 本机地址','1','0',NULL),
('1334059442217443330','1','admin','2020-12-02 16:58:51','2021-05-08 09:39:00','127.0.0.1','Mozilla/5.0 (Windows NT 10.0; Win64; x64) AppleWebKit/537.36 (KHTML, like Gecko) Chrome/87.0.4280.66 Safari/537.36','/oauth/token','password=%5B123456%5D&randomStr=%5B41141606899527763%5D&code=%5Bm32f%5D&grant_type=%5Bpassword%5D&scope=%5Bserver%5D&username=%5Badmin%5D','0',' 本机地址','1','0',NULL),
('1334131714898812929','4','admin2','2020-12-02 21:46:02','2021-05-08 09:39:00','127.0.0.1','Mozilla/5.0 (Windows NT 10.0; Win64; x64) AppleWebKit/537.36 (KHTML, like Gecko) Chrome/87.0.4280.66 Safari/537.36','/oauth/token','password=%5B123456%5D&randomStr=%5B15931606916758135%5D&code=%5Bynb8%5D&grant_type=%5Bpassword%5D&scope=%5Bserver%5D&username=%5Badmin2%5D','0',' 本机地址','2','0',NULL),
('1334132167644569601','4','admin2','2020-12-02 21:47:50','2021-05-08 09:39:00','127.0.0.1','Mozilla/5.0 (Windows NT 10.0; Win64; x64) AppleWebKit/537.36 (KHTML, like Gecko) Chrome/87.0.4280.66 Safari/537.36','/oauth/token','password=%5B123456%5D&randomStr=%5B95461606916866068%5D&code=%5Bpxdw%5D&grant_type=%5Bpassword%5D&scope=%5Bserver%5D&username=%5Badmin2%5D','0',' 本机地址','2','0',NULL),
('1334132386566266881','1','admin','2020-12-02 21:48:42','2021-05-08 09:39:00','127.0.0.1','Mozilla/5.0 (Windows NT 10.0; Win64; x64) AppleWebKit/537.36 (KHTML, like Gecko) Chrome/87.0.4280.66 Safari/537.36','/oauth/token','password=%5B123456%5D&randomStr=%5B82791606916916752%5D&code=%5B6an7%5D&grant_type=%5Bpassword%5D&scope=%5Bserver%5D&username=%5Badmin%5D','0',' 本机地址','1','0',NULL),
('1334132495546867714','4','admin2','2020-12-02 21:49:08','2021-05-08 09:39:00','127.0.0.1','Mozilla/5.0 (Windows NT 10.0; Win64; x64) AppleWebKit/537.36 (KHTML, like Gecko) Chrome/87.0.4280.66 Safari/537.36','/oauth/token','password=%5B123456%5D&randomStr=%5B31601606916942454%5D&code=%5B5m56%5D&grant_type=%5Bpassword%5D&scope=%5Bserver%5D&username=%5Badmin2%5D','0',' 本机地址','1','0',NULL),
('1334132605773176833','1','admin','2020-12-02 21:49:34','2021-05-08 09:39:00','127.0.0.1','Mozilla/5.0 (Windows NT 10.0; Win64; x64) AppleWebKit/537.36 (KHTML, like Gecko) Chrome/87.0.4280.66 Safari/537.36','/oauth/token','password=%5B123456%5D&randomStr=%5B41111606916968340%5D&code=%5Bg3yc%5D&grant_type=%5Bpassword%5D&scope=%5Bserver%5D&username=%5Badmin%5D','0',' 本机地址','1','0',NULL),
('1334132719006801921','4','admin2','2020-12-02 21:50:01','2021-05-08 09:39:00','127.0.0.1','Mozilla/5.0 (Windows NT 10.0; Win64; x64) AppleWebKit/537.36 (KHTML, like Gecko) Chrome/87.0.4280.66 Safari/537.36','/oauth/token','password=%5B123456%5D&randomStr=%5B77301606916996171%5D&code=%5Bbe3x%5D&grant_type=%5Bpassword%5D&scope=%5Bserver%5D&username=%5Badmin2%5D','0',' 本机地址','1','0',NULL),
('1334133153738022913','4','admin2','2020-12-02 21:51:45','2021-05-08 09:39:00','127.0.0.1','Mozilla/5.0 (Windows NT 10.0; Win64; x64) AppleWebKit/537.36 (KHTML, like Gecko) Chrome/87.0.4280.66 Safari/537.36','/oauth/token','password=%5B123456%5D&randomStr=%5B59571606917100646%5D&code=%5Bf5ye%5D&grant_type=%5Bpassword%5D&scope=%5Bserver%5D&username=%5Badmin2%5D','0',' 本机地址','2','0',NULL),
('1334332259068547073','4','admin2','2020-12-03 11:02:55','2021-05-08 09:39:00','127.0.0.1','Mozilla/5.0 (Windows NT 10.0; Win64; x64) AppleWebKit/537.36 (KHTML, like Gecko) Chrome/87.0.4280.66 Safari/537.36','/oauth/token','password=%5B123456%5D&randomStr=%5B93541606964570040%5D&code=%5B2f3c%5D&grant_type=%5Bpassword%5D&scope=%5Bserver%5D&username=%5Badmin2%5D','0',' 本机地址','2','0',NULL),
('1334407363643342849','1','admin','2020-12-03 16:01:22','2021-05-08 09:39:00','127.0.0.1','Mozilla/5.0 (Windows NT 10.0; Win64; x64) AppleWebKit/537.36 (KHTML, like Gecko) Chrome/87.0.4280.66 Safari/537.36','/oauth/token','password=%5B123456%5D&randomStr=%5B98071606982472119%5D&code=%5By4dm%5D&grant_type=%5Bpassword%5D&scope=%5Bserver%5D&username=%5Badmin%5D','0',' 本机地址','1','0',NULL),
('1334421874081300482','4','admin2','2020-12-03 16:59:01','2021-05-08 09:39:00','127.0.0.1','Mozilla/5.0 (Windows NT 10.0; Win64; x64) AppleWebKit/537.36 (KHTML, like Gecko) Chrome/87.0.4280.66 Safari/537.36','/oauth/token','password=%5B123456%5D&randomStr=%5B51231606985935770%5D&code=%5Bpf4d%5D&grant_type=%5Bpassword%5D&scope=%5Bserver%5D&username=%5Badmin2%5D','0',' 本机地址','2','0',NULL),
('1334722064478666754','4','admin2','2020-12-04 12:51:52','2021-05-08 09:39:00','127.0.0.1','Mozilla/5.0 (Windows NT 10.0; Win64; x64) AppleWebKit/537.36 (KHTML, like Gecko) Chrome/87.0.4280.66 Safari/537.36','/oauth/token','password=%5B123456%5D&randomStr=%5B16741607057506477%5D&code=%5Bn7c5%5D&grant_type=%5Bpassword%5D&scope=%5Bserver%5D&username=%5Badmin2%5D','0',' 本机地址','2','0',NULL),
('1334779396071915522','4','admin2','2020-12-04 16:39:41','2021-05-08 09:39:00','127.0.0.1','Mozilla/5.0 (Windows NT 10.0; Win64; x64) AppleWebKit/537.36 (KHTML, like Gecko) Chrome/87.0.4280.66 Safari/537.36','/oauth/token','password=%5B123456%5D&randomStr=%5B88811607071178076%5D&code=%5Bae4c%5D&grant_type=%5Bpassword%5D&scope=%5Bserver%5D&username=%5Badmin2%5D','0',' 本机地址','2','0',NULL),
('1335785057211695105','4','admin2','2020-12-07 11:15:50','2021-05-08 09:39:00','127.0.0.1','Mozilla/5.0 (Windows NT 10.0; Win64; x64) AppleWebKit/537.36 (KHTML, like Gecko) Chrome/87.0.4280.88 Safari/537.36','/oauth/token','password=%5B123456%5D&randomStr=%5B92141607310943703%5D&code=%5Bfwp7%5D&grant_type=%5Bpassword%5D&scope=%5Bserver%5D&username=%5Badmin2%5D','0',' 本机地址','2','0',NULL),
('1337644822435061762','4','admin2','2020-12-12 14:25:52','2021-05-08 09:39:00','127.0.0.1','Mozilla/5.0 (Windows NT 10.0; Win64; x64) AppleWebKit/537.36 (KHTML, like Gecko) Chrome/87.0.4280.88 Safari/537.36','/oauth/token','password=%5B123456%5D&randomStr=%5B54621607754345059%5D&code=%5Byg4g%5D&grant_type=%5Bpassword%5D&scope=%5Bserver%5D&username=%5Badmin2%5D','0',' 本机地址','2','0',NULL),
('1337727426450493441','4','admin2','2020-12-12 19:54:06','2021-05-08 09:39:00','127.0.0.1','Mozilla/5.0 (Windows NT 10.0; Win64; x64) AppleWebKit/537.36 (KHTML, like Gecko) Chrome/87.0.4280.88 Safari/537.36','/oauth/token','password=%5B123456%5D&randomStr=%5B23921607774041688%5D&code=%5B35py%5D&grant_type=%5Bpassword%5D&scope=%5Bserver%5D&username=%5Badmin2%5D','0',' 本机地址','2','0',NULL),
('1337994924764762113','4','admin2','2020-12-13 13:37:03','2021-05-08 09:39:00','127.0.0.1','Mozilla/5.0 (Windows NT 10.0; Win64; x64) AppleWebKit/537.36 (KHTML, like Gecko) Chrome/87.0.4280.88 Safari/537.36','/oauth/token','password=%5B123456%5D&randomStr=%5B44551607837816214%5D&code=%5Bw832%5D&grant_type=%5Bpassword%5D&scope=%5Bserver%5D&username=%5Badmin2%5D','0',' 本机地址','2','0',NULL),
('1337995132215037954','1','admin','2020-12-13 13:37:52','2021-05-08 09:39:00','127.0.0.1','Mozilla/5.0 (Windows NT 10.0; Win64; x64) AppleWebKit/537.36 (KHTML, like Gecko) Chrome/87.0.4280.88 Safari/537.36','/oauth/token','password=%5B123456%5D&randomStr=%5B78201607837864984%5D&code=%5Bpxe8%5D&grant_type=%5Bpassword%5D&scope=%5Bserver%5D&username=%5Badmin%5D','0',' 本机地址','1','0',NULL),
('1337996306980868097','1','admin','2020-12-13 13:42:33','2021-05-08 09:39:00','127.0.0.1','Mozilla/5.0 (Windows NT 10.0; Win64; x64) AppleWebKit/537.36 (KHTML, like Gecko) Chrome/87.0.4280.88 Safari/537.36','/oauth/token','password=%5B123456%5D&randomStr=%5B74271607838147758%5D&code=%5Baaa4%5D&grant_type=%5Bpassword%5D&scope=%5Bserver%5D&username=%5Badmin%5D','0',' 本机地址','1','0',NULL),
('1337997722847875074','4','admin2','2020-12-13 13:48:10','2021-05-08 09:39:00','127.0.0.1','Mozilla/5.0 (Windows NT 10.0; Win64; x64) AppleWebKit/537.36 (KHTML, like Gecko) Chrome/87.0.4280.88 Safari/537.36','/oauth/token','password=%5B123456%5D&randomStr=%5B52191607838486937%5D&code=%5Bgy3g%5D&grant_type=%5Bpassword%5D&scope=%5Bserver%5D&username=%5Badmin2%5D','0',' 本机地址','2','0',NULL),
('1338006865629483010','4','admin2','2020-12-13 14:24:30','2021-05-08 09:39:00','127.0.0.1','Mozilla/5.0 (Windows NT 10.0; Win64; x64) AppleWebKit/537.36 (KHTML, like Gecko) Chrome/87.0.4280.88 Safari/537.36','/oauth/token','password=%5B123456%5D&randomStr=%5B51341607840663708%5D&code=%5Bp7g2%5D&grant_type=%5Bpassword%5D&scope=%5Bserver%5D&username=%5Badmin2%5D','0',' 本机地址','2','0',NULL),
('1338009573195321346','1','admin','2020-12-13 14:35:15','2021-05-08 09:39:00','127.0.0.1','Mozilla/5.0 (Windows NT 10.0; Win64; x64) AppleWebKit/537.36 (KHTML, like Gecko) Chrome/87.0.4280.88 Safari/537.36','/oauth/token','password=%5B123456%5D&randomStr=%5B24881607841308909%5D&code=%5Bn846%5D&grant_type=%5Bpassword%5D&scope=%5Bserver%5D&username=%5Badmin%5D','0',' 本机地址','1','0',NULL),
('1338009753231626241','4','admin2','2020-12-13 14:35:58','2021-05-08 09:39:00','127.0.0.1','Mozilla/5.0 (Windows NT 10.0; Win64; x64) AppleWebKit/537.36 (KHTML, like Gecko) Chrome/87.0.4280.88 Safari/537.36','/oauth/token','password=%5B123456%5D&randomStr=%5B33171607841353037%5D&code=%5Bxnmg%5D&grant_type=%5Bpassword%5D&scope=%5Bserver%5D&username=%5Badmin2%5D','0',' 本机地址','2','0',NULL),
('1338044248110469121','4','admin2','2020-12-13 16:53:03','2021-05-08 09:39:00','127.0.0.1','Mozilla/5.0 (Windows NT 10.0; Win64; x64) AppleWebKit/537.36 (KHTML, like Gecko) Chrome/87.0.4280.88 Safari/537.36','/oauth/token','password=%5B123456%5D&randomStr=%5B27761607849578707%5D&code=%5B2eyy%5D&grant_type=%5Bpassword%5D&scope=%5Bserver%5D&username=%5Badmin2%5D','0',' 本机地址','2','0',NULL),
('1338316782647185410','1','admin','2020-12-14 10:56:00','2021-05-08 09:39:00','127.0.0.1','Mozilla/5.0 (Windows NT 10.0; Win64; x64) AppleWebKit/537.36 (KHTML, like Gecko) Chrome/87.0.4280.88 Safari/537.36','/oauth/token','password=%5B123456%5D&randomStr=%5B98681607914551951%5D&code=%5B6g86%5D&grant_type=%5Bpassword%5D&scope=%5Bserver%5D&username=%5Badmin%5D','0',' 本机地址','1','0',NULL),
('1338361113550589954','4','admin2','2020-12-14 13:52:09','2021-05-08 09:39:00','127.0.0.1','Mozilla/5.0 (Windows NT 10.0; Win64; x64) AppleWebKit/537.36 (KHTML, like Gecko) Chrome/87.0.4280.88 Safari/537.36','/oauth/token','password=%5B123456%5D&randomStr=%5B68881607925123524%5D&code=%5Bcmgw%5D&grant_type=%5Bpassword%5D&scope=%5Bserver%5D&username=%5Badmin2%5D','0',' 本机地址','2','0',NULL),
('1338425267133157378','4','admin2','2020-12-14 18:07:05','2021-05-08 09:39:00','127.0.0.1','Mozilla/5.0 (Windows NT 10.0; Win64; x64) AppleWebKit/537.36 (KHTML, like Gecko) Chrome/87.0.4280.88 Safari/537.36','/oauth/token','password=%5B123456%5D&randomStr=%5B13911607940410634%5D&code=%5B3y48%5D&grant_type=%5Bpassword%5D&scope=%5Bserver%5D&username=%5Badmin2%5D','0',' 本机地址','2','0',NULL),
('1338700517028728833','4','admin2','2020-12-15 12:20:49','2021-05-08 09:39:00','127.0.0.1','Mozilla/5.0 (Windows NT 10.0; Win64; x64) AppleWebKit/537.36 (KHTML, like Gecko) Chrome/87.0.4280.88 Safari/537.36','/oauth/token','password=%5B123456%5D&randomStr=%5B74901608006044532%5D&code=%5Bnp7w%5D&grant_type=%5Bpassword%5D&scope=%5Bserver%5D&username=%5Badmin2%5D','0',' 本机地址','2','0',NULL),
('1339185523337506817','1','admin','2020-12-16 20:28:04','2021-05-08 09:39:00','127.0.0.1','Mozilla/5.0 (Windows NT 10.0; Win64; x64) AppleWebKit/537.36 (KHTML, like Gecko) Chrome/87.0.4280.88 Safari/537.36','/oauth/token','password=%5B123456%5D&randomStr=%5B78651608121675430%5D&code=%5B26mx%5D&grant_type=%5Bpassword%5D&scope=%5Bserver%5D&username=%5Badmin%5D','0',' 本机地址','1','0',NULL),
('1339189743621025794','4','admin2','2020-12-16 20:44:50','2021-05-08 09:39:00','127.0.0.1','Mozilla/5.0 (Windows NT 10.0; Win64; x64) AppleWebKit/537.36 (KHTML, like Gecko) Chrome/87.0.4280.88 Safari/537.36','/oauth/token','password=%5B123456%5D&randomStr=%5B87001608122682760%5D&code=%5Bax3c%5D&grant_type=%5Bpassword%5D&scope=%5Bserver%5D&username=%5Badmin2%5D','0',' 本机地址','2','0',NULL),
('1339496686751363074','4','admin2','2020-12-17 17:04:31','2021-05-08 09:39:00','127.0.0.1','Mozilla/5.0 (Windows NT 10.0; Win64; x64) AppleWebKit/537.36 (KHTML, like Gecko) Chrome/87.0.4280.88 Safari/537.36','/oauth/token','password=%5B123456%5D&randomStr=%5B62081608195866974%5D&code=%5Bgbc7%5D&grant_type=%5Bpassword%5D&scope=%5Bserver%5D&username=%5Badmin2%5D','0',' 本机地址','2','0',NULL),
('1339831015943741442','4','admin2','2020-12-18 15:13:01','2021-05-08 09:39:00','127.0.0.1','Mozilla/5.0 (Windows NT 10.0; Win64; x64) AppleWebKit/537.36 (KHTML, like Gecko) Chrome/87.0.4280.88 Safari/537.36','/oauth/token','password=%5B123456%5D&randomStr=%5B48581608275568082%5D&code=%5B4awa%5D&grant_type=%5Bpassword%5D&scope=%5Bserver%5D&username=%5Badmin2%5D','0',' 本机地址','2','0',NULL),
('1339839506934702081','1','admin','2020-12-18 15:46:46','2021-05-08 09:39:00','127.0.0.1','Mozilla/5.0 (Windows NT 10.0; Win64; x64) AppleWebKit/537.36 (KHTML, like Gecko) Chrome/87.0.4280.88 Safari/537.36','/oauth/token','password=%5B123456%5D&randomStr=%5B37541608277601795%5D&code=%5B66e6%5D&grant_type=%5Bpassword%5D&scope=%5Bserver%5D&username=%5Badmin%5D','0',' 本机地址','1','0',NULL),
('1339840361654165505','4','admin2','2020-12-18 15:50:09','2021-05-08 09:39:00','127.0.0.1','Mozilla/5.0 (Windows NT 10.0; Win64; x64) AppleWebKit/537.36 (KHTML, like Gecko) Chrome/87.0.4280.88 Safari/537.36','/oauth/token','password=%5B123456%5D&randomStr=%5B88671608277798560%5D&code=%5Bg867%5D&grant_type=%5Bpassword%5D&scope=%5Bserver%5D&username=%5Badmin2%5D','0',' 本机地址','2','0',NULL),
('1339893036835971073','4','admin2','2020-12-18 19:19:28','2021-05-08 09:39:00','127.0.0.1','Mozilla/5.0 (Windows NT 10.0; Win64; x64) AppleWebKit/537.36 (KHTML, like Gecko) Chrome/87.0.4280.88 Safari/537.36','/oauth/token','password=%5B123456%5D&randomStr=%5B21761608290363467%5D&code=%5B8mf6%5D&grant_type=%5Bpassword%5D&scope=%5Bserver%5D&username=%5Badmin2%5D','0',' 本机地址','2','0',NULL),
('1341309977127591937','1','admin','2020-12-22 17:09:53','2021-05-08 09:39:00','127.0.0.1','Mozilla/5.0 (Windows NT 10.0; Win64; x64) AppleWebKit/537.36 (KHTML, like Gecko) Chrome/87.0.4280.88 Safari/537.36','/oauth/token','password=%5B123456%5D&randomStr=%5B89051608628189580%5D&code=%5Bnc55%5D&grant_type=%5Bpassword%5D&scope=%5Bserver%5D&username=%5Badmin%5D','0',' 本机地址','1','0',NULL),
('1342127836636467202','1','admin','2020-12-24 23:19:46','2021-05-08 09:39:00','127.0.0.1','Mozilla/5.0 (Windows NT 10.0; Win64; x64) AppleWebKit/537.36 (KHTML, like Gecko) Chrome/87.0.4280.88 Safari/537.36','/oauth/token','password=%5B123456%5D&randomStr=%5B51131608823182661%5D&code=%5B85de%5D&grant_type=%5Bpassword%5D&scope=%5Bserver%5D&username=%5Badmin%5D','0',' 本机地址','1','0',NULL),
('1342318855445323777','1','admin','2020-12-25 11:58:48','2021-05-08 09:39:00','127.0.0.1','Mozilla/5.0 (Windows NT 10.0; Win64; x64) AppleWebKit/537.36 (KHTML, like Gecko) Chrome/87.0.4280.88 Safari/537.36','/oauth/token','password=%5B123456%5D&randomStr=%5B58141608868722794%5D&code=%5Bby5f%5D&grant_type=%5Bpassword%5D&scope=%5Bserver%5D&username=%5Badmin%5D','0',' 本机地址','1','0',NULL),
('1342369692662145025','1','admin','2020-12-25 15:20:49','2021-05-08 09:39:00','127.0.0.1','Mozilla/5.0 (Windows NT 10.0; Win64; x64) AppleWebKit/537.36 (KHTML, like Gecko) Chrome/87.0.4280.88 Safari/537.36','/oauth/token','password=%5B123456%5D&randomStr=%5B29891608880843221%5D&code=%5Bdmnc%5D&grant_type=%5Bpassword%5D&scope=%5Bserver%5D&username=%5Badmin%5D','0',' 本机地址','1','0',NULL),
('1342379283542220801','1','admin','2020-12-25 15:58:56','2021-05-08 09:39:00','127.0.0.1','Mozilla/5.0 (Windows NT 10.0; Win64; x64) AppleWebKit/537.36 (KHTML, like Gecko) Chrome/87.0.4280.88 Safari/537.36','/oauth/token','password=%5B123456%5D&randomStr=%5B86911608883129804%5D&code=%5Bc5e4%5D&grant_type=%5Bpassword%5D&scope=%5Bserver%5D&username=%5Badmin%5D','0',' 本机地址','1','0',NULL),
('1343386304685072385','1','admin','2020-12-28 10:40:28','2021-05-08 09:39:00','127.0.0.1','Mozilla/5.0 (Windows NT 10.0; Win64; x64) AppleWebKit/537.36 (KHTML, like Gecko) Chrome/87.0.4280.88 Safari/537.36','/oauth/token','password=%5B123456%5D&randomStr=%5B65401609123224168%5D&code=%5Beaf2%5D&grant_type=%5Bpassword%5D&scope=%5Bserver%5D&username=%5Badmin%5D','0',' 本机地址','1','0',NULL),
('1357212278267674625','1','admin','2021-02-04 14:19:57','2021-05-08 09:39:00','127.0.0.1','Mozilla/5.0 (Windows NT 10.0; Win64; x64) AppleWebKit/537.36 (KHTML, like Gecko) Chrome/88.0.4324.104 Safari/537.36','/oauth/token','password=%5B123456%5D&randomStr=%5B69271612419591515%5D&code=%5Byyf4%5D&grant_type=%5Bpassword%5D&scope=%5Bserver%5D&username=%5Badmin%5D','0',' 本机地址','1','0',NULL),
('1357217077465784321','1','admin','2021-02-04 14:39:01','2021-05-08 09:39:00','127.0.0.1','Mozilla/5.0 (Windows NT 10.0; Win64; x64) AppleWebKit/537.36 (KHTML, like Gecko) Chrome/88.0.4324.104 Safari/537.36','/oauth/token','password=%5B123456%5D&randomStr=%5B57551612420735205%5D&code=%5Ban3g%5D&grant_type=%5Bpassword%5D&scope=%5Bserver%5D&username=%5Badmin%5D','0',' 本机地址','1','0',NULL),
('1357220436205707266','1','admin','2021-02-04 14:52:22','2021-05-08 09:39:00','127.0.0.1','Mozilla/5.0 (Windows NT 10.0; Win64; x64) AppleWebKit/537.36 (KHTML, like Gecko) Chrome/88.0.4324.104 Safari/537.36','/oauth/token','password=%5B123456%5D&randomStr=%5B69901612421538834%5D&code=%5Bdd7p%5D&grant_type=%5Bpassword%5D&scope=%5Bserver%5D&username=%5Badmin%5D','0',' 本机地址','1','0',NULL),
('1364558960873504769','1','admin','2021-02-24 20:53:03','2021-05-08 09:39:00','127.0.0.1','Mozilla/5.0 (Windows NT 10.0; Win64; x64) AppleWebKit/537.36 (KHTML, like Gecko) Chrome/88.0.4324.182 Safari/537.36','/oauth/token','password=%5B123456%5D&randomStr=%5B91721614171168065%5D&code=%5Bg5f3%5D&grant_type=%5Bpassword%5D&scope=%5Bserver%5D&username=%5Badmin%5D','0',' 本机地址','1','0',NULL),
('1364570537236422657','1','admin','2021-02-24 21:39:03','2021-05-08 09:39:00','127.0.0.1','Mozilla/5.0 (Windows NT 10.0; Win64; x64) AppleWebKit/537.36 (KHTML, like Gecko) Chrome/88.0.4324.182 Safari/537.36','/oauth/token','password=%5B123456%5D&randomStr=%5B40491614173937287%5D&code=%5Bdg88%5D&grant_type=%5Bpassword%5D&scope=%5Bserver%5D&username=%5Badmin%5D','0',' 本机地址','1','0',NULL),
('1375659643685105665','1','admin','2021-03-27 12:03:12','2021-05-08 09:39:00','127.0.0.1','Mozilla/5.0 (Windows NT 10.0; Win64; x64) AppleWebKit/537.36 (KHTML, like Gecko) Chrome/89.0.4389.90 Safari/537.36','/oauth/token','password=%5B123456%5D&randomStr=%5B82181616817766888%5D&code=%5Bnn7m%5D&grant_type=%5Bpassword%5D&scope=%5Bserver%5D&username=%5Badmin%5D','0',' 本机地址','1','0',NULL),
('1375674863665070082','1','admin','2021-03-27 13:03:40','2021-05-08 09:39:00','127.0.0.1','Mozilla/5.0 (Windows NT 10.0; Win64; x64) AppleWebKit/537.36 (KHTML, like Gecko) Chrome/89.0.4389.90 Safari/537.36','/oauth/token','password=%5B123456%5D&randomStr=%5B69691616821415504%5D&code=%5B7yyw%5D&grant_type=%5Bpassword%5D&scope=%5Bserver%5D&username=%5Badmin%5D','0',' 本机地址','1','0',NULL),
('1397478679913783297','1','admin','2021-05-26 17:04:16',NULL,'127.0.0.1','Mozilla/5.0 (Windows NT 10.0; Win64; x64) AppleWebKit/537.36 (KHTML, like Gecko) Chrome/90.0.4430.212 Safari/537.36','/oauth/token',NULL,'0',' 本机地址','1','0',NULL),
('1400702997074354178','1','admin','2021-06-04 14:36:33',NULL,'127.0.0.1','Mozilla/5.0 (Windows NT 10.0; Win64; x64) AppleWebKit/537.36 (KHTML, like Gecko) Chrome/90.0.4430.212 Safari/537.36','/oauth/token',NULL,'0',' 本机地址','1','0',NULL),
('1400718202697228290','1','admin','2021-06-04 15:36:58',NULL,'127.0.0.1','Mozilla/5.0 (Windows NT 10.0; Win64; x64) AppleWebKit/537.36 (KHTML, like Gecko) Chrome/90.0.4430.212 Safari/537.36','/oauth/token',NULL,'0',' 本机地址','1','0',NULL),
('1405348009523367938','1','admin','2021-06-17 10:14:10',NULL,'127.0.0.1','Mozilla/5.0 (Windows NT 10.0; Win64; x64) AppleWebKit/537.36 (KHTML, like Gecko) Chrome/91.0.4472.77 Safari/537.36','/oauth/token',NULL,'0',' 本机地址','1','0',NULL),
('1405348061100724226','4','admin2','2021-06-17 10:14:22',NULL,'127.0.0.1','Mozilla/5.0 (Windows NT 10.0; Win64; x64) AppleWebKit/537.36 (KHTML, like Gecko) Chrome/91.0.4472.77 Safari/537.36','/oauth/token',NULL,'0',' 本机地址','1','0',NULL),
('1405369559538581505',NULL,NULL,'2021-06-17 11:39:48',NULL,'127.0.0.1','Mozilla/5.0 (Windows NT 10.0; Win64; x64) AppleWebKit/537.36 (KHTML, like Gecko) Chrome/91.0.4472.77 Safari/537.36','/oauth/token',NULL,'0',' 本机地址','1','9','用户：admin 登录失败，异常：用户名不存在或者密码错误'),
('1405369599988449281',NULL,NULL,'2021-06-17 11:39:57',NULL,'127.0.0.1','Mozilla/5.0 (Windows NT 10.0; Win64; x64) AppleWebKit/537.36 (KHTML, like Gecko) Chrome/91.0.4472.77 Safari/537.36','/oauth/token',NULL,'0',' 本机地址','1','9','用户：admin 登录失败，异常：用户名不存在或者密码错误'),
('1411684961931526146','1','admin','2021-07-04 21:54:57',NULL,'127.0.0.1','Mozilla/5.0 (Windows NT 10.0; Win64; x64) AppleWebKit/537.36 (KHTML, like Gecko) Chrome/91.0.4472.124 Safari/537.36','/oauth/token',NULL,'0',' 本机地址','1','0',NULL),
('1435927894079606786','1','admin','2021-09-09 19:27:42',NULL,'127.0.0.1','Mozilla/5.0 (Windows NT 10.0; Win64; x64) AppleWebKit/537.36 (KHTML, like Gecko) Chrome/92.0.4515.159 Safari/537.36','/oauth/token',NULL,'0',' 本机地址','1','0',NULL),
('1437619154045677569','1','admin','2021-09-14 11:28:10',NULL,'127.0.0.1','Mozilla/5.0 (Windows NT 10.0; Win64; x64) AppleWebKit/537.36 (KHTML, like Gecko) Chrome/93.0.4577.63 Safari/537.36','/oauth/token',NULL,'0',' 本机地址','1','0',NULL),
('1437622596420022274','1','admin','2021-09-14 11:41:51',NULL,'127.0.0.1','Mozilla/5.0 (Windows NT 10.0; Win64; x64) AppleWebKit/537.36 (KHTML, like Gecko) Chrome/93.0.4577.63 Safari/537.36','/oauth/token',NULL,'0',' 本机地址','1','0',NULL),
('1437967337738739713','1','admin','2021-09-15 10:31:44',NULL,'127.0.0.1','Mozilla/5.0 (Windows NT 10.0; Win64; x64) AppleWebKit/537.36 (KHTML, like Gecko) Chrome/93.0.4577.63 Safari/537.36','/oauth/token',NULL,'0',' 本机地址','1','0',NULL),
('1437967483297865730','4','admin2','2021-09-15 10:32:18',NULL,'127.0.0.1','Mozilla/5.0 (Windows NT 10.0; Win64; x64) AppleWebKit/537.36 (KHTML, like Gecko) Chrome/93.0.4577.63 Safari/537.36','/oauth/token',NULL,'0',' 本机地址','2','0',NULL),
('1437967985137958913','1','admin','2021-09-15 10:34:18',NULL,'127.0.0.1','Mozilla/5.0 (Windows NT 10.0; Win64; x64) AppleWebKit/537.36 (KHTML, like Gecko) Chrome/93.0.4577.63 Safari/537.36','/oauth/token',NULL,'0',' 本机地址','1','0',NULL),
('1447497346815946754','1','admin','2021-10-11 17:40:35',NULL,'127.0.0.1','Mozilla/5.0 (Windows NT 10.0; Win64; x64) AppleWebKit/537.36 (KHTML, like Gecko) Chrome/94.0.4606.71 Safari/537.36','/oauth/token',NULL,'0',' 本机地址','1','0',NULL),
('1447497523912044546','1447497471722319874','test','2021-10-11 17:41:17',NULL,'127.0.0.1','Mozilla/5.0 (Windows NT 10.0; Win64; x64) AppleWebKit/537.36 (KHTML, like Gecko) Chrome/94.0.4606.71 Safari/537.36','/oauth/token',NULL,'0',' 本机地址','1','0',NULL);

/*Table structure for table `sys_menu` */

DROP TABLE IF EXISTS `sys_menu`;

CREATE TABLE `sys_menu` (
  `id` varchar(32) CHARACTER SET utf8 COLLATE utf8_general_ci NOT NULL COMMENT '菜单ID',
  `name` varchar(32) CHARACTER SET utf8 COLLATE utf8_general_ci NOT NULL COMMENT '菜单名称',
  `permission` varchar(64) CHARACTER SET utf8 COLLATE utf8_general_ci DEFAULT NULL COMMENT '菜单权限标识',
  `path` varchar(128) CHARACTER SET utf8 COLLATE utf8_general_ci DEFAULT NULL COMMENT '前端URL',
  `parent_id` varchar(32) CHARACTER SET utf8 COLLATE utf8_general_ci DEFAULT NULL COMMENT '父菜单ID',
  `icon` varchar(32) CHARACTER SET utf8 COLLATE utf8_general_ci DEFAULT NULL COMMENT '图标',
  `component` varchar(500) CHARACTER SET utf8 COLLATE utf8_general_ci DEFAULT NULL COMMENT '页面',
  `sort` int NOT NULL DEFAULT '0' COMMENT '排序值',
  `keep_alive` char(1) CHARACTER SET utf8 COLLATE utf8_general_ci DEFAULT '0' COMMENT '0-开启，1- 关闭',
  `type` char(1) CHARACTER SET utf8 COLLATE utf8_general_ci DEFAULT NULL COMMENT '菜单类型 （0菜单 1按钮）',
  `create_time` timestamp NOT NULL DEFAULT CURRENT_TIMESTAMP COMMENT '创建时间',
  `update_time` timestamp NOT NULL DEFAULT CURRENT_TIMESTAMP ON UPDATE CURRENT_TIMESTAMP COMMENT '更新时间',
  `del_flag` char(1) CHARACTER SET utf8 COLLATE utf8_general_ci DEFAULT '0' COMMENT '逻辑删除标记（0：显示；1：隐藏）',
  PRIMARY KEY (`id`) USING BTREE
) ENGINE=InnoDB DEFAULT CHARSET=utf8mb3 ROW_FORMAT=DYNAMIC COMMENT='菜单权限表';

/*Data for the table `sys_menu` */

insert  into `sys_menu`(`id`,`name`,`permission`,`path`,`parent_id`,`icon`,`component`,`sort`,`keep_alive`,`type`,`create_time`,`update_time`,`del_flag`) values 
('01e9e720e3eedce613a297dcdddb3d63','积分管理',NULL,'points','8000000','el-icon-s-flag','Layout',5,'0','0','2019-12-06 16:33:52','2019-12-11 22:17:07','0'),
('04c920605926e47982b7ede7fa5c3ec6','积分明细',NULL,'pointsrecord','01e9e720e3eedce613a297dcdddb3d63','el-icon-s-order','views/mall/pointsrecord/index',2,'0','0','2019-12-11 11:28:46','2020-02-15 22:30:54','0'),
('0776fdb3afe857025aefeb6500f67fb6','商城订单列表','mall:orderinfo:index',NULL,'70dbfd7911a393a3c50d1eef09a8708f',NULL,NULL,1,'0','1','2019-10-18 21:41:30','2020-03-24 20:19:17','0'),
('088b9371d30c932f9ba555a457a165cb','素材删除','mall:material:del',NULL,'e2ab8932bc86ad98b917c22731205caa',NULL,NULL,1,'0','1','2019-10-26 19:36:09','2020-03-24 20:19:17','0'),
('097f4947ac78faf5074c357f5b1ee8f1','商品评价列表','mall:goodsappraises:index',NULL,'c247293edbfc0ee004f413cb6ee654cd',NULL,NULL,1,'0','1','2019-10-18 21:41:07','2020-03-24 20:19:17','0'),
('0d1cfcbd88e13d75ea9796d08b4964a0','退款单查询','mall:orderrefunds:get',NULL,'6e46351de075ab9febf8ee6ec17bdced',NULL,NULL,1,'0','1','2019-12-13 19:23:25','2020-03-24 20:19:17','0'),
('1000000','权限管理',NULL,'/auth','0','icon-quanxianguanli','Layout',2,'0','0','2018-09-28 08:29:53','2020-04-26 18:57:16','0'),
('10e7a8ca4da4f8cd9e36a375d7266f6a','商品评价修改','mall:goodsappraises:edit',NULL,'c247293edbfc0ee004f413cb6ee654cd',NULL,NULL,1,'0','1','2019-09-25 20:30:13','2020-03-24 20:19:17','0'),
('1100000','用户管理',NULL,'user','1000000','icon-yonghu','views/upms/user/index',1,'0','0','2017-11-02 22:24:37','2020-04-26 18:42:27','0'),
('1101000','用户新增','sys:user:add',NULL,'1100000',NULL,NULL,1,'0','1','2017-11-08 09:52:09','2020-03-24 20:19:17','0'),
('1102000','用户修改','sys:user:edit',NULL,'1100000',NULL,NULL,1,'0','1','2017-11-08 09:52:48','2020-03-24 20:19:17','0'),
('1103000','用户删除','sys:user:del',NULL,'1100000',NULL,NULL,1,'0','1','2017-11-08 09:54:01','2020-03-24 20:19:17','0'),
('1104000','用户详情','sys:user:get',NULL,'1100000',NULL,NULL,1,'0','1','2019-07-27 11:34:23','2020-03-24 20:19:17','0'),
('1105000','用户密码修改','sys:user:password',NULL,'1100000',NULL,NULL,1,'0','1','2019-07-27 18:07:08','2020-03-24 20:19:17','0'),
('1200000','菜单管理',NULL,'menu','1000000','icon-caidanguanli','views/upms/menu/index',4,'0','0','2017-11-08 09:57:27','2020-04-26 18:42:58','0'),
('1201000','菜单新增','sys:menu:add',NULL,'1200000',NULL,NULL,1,'0','1','2017-11-08 10:15:53','2020-03-24 20:19:17','0'),
('1202000','菜单修改','sys:menu:edit',NULL,'1200000',NULL,NULL,1,'0','1','2017-11-08 10:16:23','2020-03-24 20:19:17','0'),
('1203000','菜单删除','sys:menu:del',NULL,'1200000',NULL,NULL,1,'0','1','2017-11-08 10:16:43','2020-03-24 20:19:17','0'),
('1224306298712969218','文件存储配置',NULL,'configstorage','1226762096135340033','el-icon-s-management','views/upms/configstorage/form',15,'0','0','2020-02-03 20:19:02','2020-04-26 18:43:16','0'),
('1224306628599173121','文件存储配置查询','sys:configstorage:get',NULL,'1224306298712969218',NULL,NULL,0,'0','1','2020-02-03 20:20:21','2020-03-24 20:19:17','0'),
('1224307007944609794','文件存储配置修改','sys:configstorage:edit',NULL,'1224306298712969218',NULL,NULL,0,'0','1','2020-02-03 20:21:51','2020-03-24 20:19:17','0'),
('1225254548244733953','菜单查询','sys:menu:get','','1200000','','',0,'0','1','2020-02-06 11:07:03','2020-03-24 20:19:17','0'),
('1226513939979780098','发货地管理','','deliveryplace','f6cb055276971023060a341236237bb2','el-icon-s-home','views/mall/deliveryplace/index',10,'0','0','2020-02-09 22:31:25','2020-02-09 23:15:01','0'),
('1226514140274573313','发货地查询','mall:deliveryplace:get','','1226513939979780098','','',0,'0','1','2020-02-09 22:32:13','2020-03-24 20:19:17','0'),
('1226514304217333762','发货地列表','mall:deliveryplace:index','','1226513939979780098','','',0,'0','1','2020-02-09 22:32:52','2020-03-24 20:19:17','0'),
('1226514436212080641','发货地新增','mall:deliveryplace:add','','1226513939979780098','','',0,'0','1','2020-02-09 22:33:23','2020-03-24 20:19:17','0'),
('1226514630622265346','发货地修改','mall:deliveryplace:edit','','1226513939979780098','','',0,'0','1','2020-02-09 22:34:10','2020-03-24 20:19:17','0'),
('1226514858779820034','发货地删除','mall:deliveryplace:del','','1226513939979780098','','',0,'0','1','2020-02-09 22:35:04','2020-03-24 20:19:17','0'),
('1226525445274419201','保障服务管理','','ensure','f6cb055276971023060a341236237bb2','el-icon-s-management','views/mall/ensure/index',20,'0','0','2020-02-09 23:17:08','2020-02-09 23:34:55','0'),
('1226525576396750849','保障服务列表','mall:ensure:index','','1226525445274419201','','',0,'0','1','2020-02-09 23:17:39','2020-03-24 20:19:17','0'),
('1226525700103553025','保障服务查询','mall:ensure:get','','1226525445274419201','','',0,'0','1','2020-02-09 23:18:09','2020-03-24 20:19:17','0'),
('1226525832920383490','保障服务新增','mall:ensure:add','','1226525445274419201','','',0,'0','1','2020-02-09 23:18:40','2020-03-24 20:19:17','0'),
('1226525967616262146','保障服务修改','mall:ensure:edit','','1226525445274419201','','',0,'0','1','2020-02-09 23:19:13','2020-03-24 20:19:17','0'),
('1226526082179481602','保障服务删除','mall:ensure:del','','1226525445274419201','','',0,'0','1','2020-02-09 23:19:40','2020-03-24 20:19:17','0'),
('1226759608866893825','文本编辑器配置','','configeditor','1226762096135340033','el-icon-s-unfold','views/upms/configeditor/form',30,'0','0','2020-02-10 14:47:37','2020-04-26 18:43:19','0'),
('1226759834914713601','文本编辑器查询','sys:configeditor:get','','1226759608866893825','','',0,'0','1','2020-02-10 14:48:31','2020-03-24 20:19:17','0'),
('1226760046232137729','文本编辑器修改','sys:configeditor:edit','','1226759608866893825','','',0,'0','1','2020-02-10 14:49:21','2020-03-24 20:19:17','0'),
('1226762096135340033','系统配置','','config','2000000','el-icon-s-tools','Layout',20,'0','0','2020-02-10 14:57:30','2020-02-15 22:30:54','0'),
('1227202152985784322','常用工具','','/tool','0','el-icon-s-cooperation','Layout',3,'0','0','2020-02-11 20:06:08','2020-02-16 21:16:55','0'),
('1227202599968567298','邮件管理','','email','1227202152985784322','el-icon-s-promotion','views/upms/email/form',10,'0','0','2020-02-11 20:07:54','2020-04-26 18:43:07','0'),
('1227203300044042241','发送邮件','sys:email:add','','1227202599968567298','','',0,'0','1','2020-02-11 20:10:41','2020-03-24 20:19:17','0'),
('1227524298689736706','短信工具','','sms','1227202152985784322','el-icon-s-comment','views/upms/sms/form',20,'0','0','2020-02-12 17:26:13','2020-04-26 18:42:49','0'),
('1227524435889614850','发短信','sys:sms:add','','1227524298689736706','','',0,'0','1','2020-02-12 17:26:46','2020-03-24 20:19:17','0'),
('1227568833306177537','规格查询','mall:goodsspec:get','','8400000','','',0,'0','1','2020-02-12 20:23:11','2020-03-24 20:19:17','0'),
('1228676296659161089','小程序用户','','wxuser','ae0619ea3e5b86a3e382081680785f7e','el-icon-user-solid','views/wxma/wxuser/index',2,'0','0','2020-02-15 21:43:51','2020-02-15 22:30:54','0'),
('1228676665992794113','小程序用户列表','wxmp:wxuser:index','','1228676296659161089','','',0,'0','1','2020-02-15 21:45:19','2020-03-24 20:19:17','0'),
('1228676836369616897','小程序用户详情','wxmp:wxuser:get','','1228676296659161089','','',0,'0','1','2020-02-15 21:46:00','2020-03-24 20:19:17','0'),
('1229322873778180098','数据统计','','wxsummary','8100000','el-icon-s-marketing','views/wxmp/wxsummary/index',20,'0','0','2020-02-17 16:33:07','2020-02-17 16:33:07','0'),
('1229323003373785090','数据统计列表','wxmp:wxsummary:index','','1229322873778180098','','',0,'0','1','2020-02-17 16:33:38','2020-03-24 20:19:17','0'),
('1229675965086429186','微信模块','','/weixin','0','icon-weixin','Layout',0,'0','0','2020-02-18 15:56:11','2020-02-18 15:58:33','0'),
('1229750327311278082','首页公告','','notice2','ae0619ea3e5b86a3e382081680785f7e','el-icon-message-solid','views/mall/noticeitem/index-text',20,'0','0','2020-02-18 20:51:40','2020-02-18 20:51:40','0'),
('1229750619910119425','通知详情','mall:noticeitem:get','','1229750327311278082','','',0,'0','1','2020-02-18 20:52:50','2020-03-24 20:19:17','0'),
('1229750717675151362','通知修改','mall:noticeitem:edit','','1229750327311278082','','',0,'0','1','2020-02-18 20:53:13','2020-03-24 20:19:17','0'),
('1229750794644824065','通知新增','mall:noticeitem:add','','1229750327311278082','','',0,'0','1','2020-02-18 20:53:31','2020-03-24 20:19:17','0'),
('1229750881777295362','通知列表','mall:noticeitem:index','','1229750327311278082','','',0,'0','1','2020-02-18 20:53:52','2020-03-24 20:19:17','0'),
('1229750964161814530','通知删除','mall:noticeitem:del','','1229750327311278082','','',0,'0','1','2020-02-18 20:54:12','2020-03-24 20:19:17','0'),
('1231205330852978690','菜单分组列表','wxmp:wxmenurule:index','','8140000','','',0,'0','1','2020-02-22 21:13:20','2020-03-24 20:19:17','0'),
('1233957113861967874','服务监控','','server','1227202152985784322','el-icon-s-marketing','views/upms/server/index',30,'0','0','2020-03-01 11:27:56','2020-04-26 18:42:51','0'),
('1233957499251326978','查询服务监控','sys:server:index','','1233957113861967874','','',0,'0','1','2020-03-01 11:29:28','2020-03-24 20:19:17','0'),
('1239766266052329473','拼团管理','','groupon','8000000','el-icon-s-management','Layout',20,'0','0','2020-03-17 12:11:26','2020-03-17 12:11:26','0'),
('1239766777090523137','拼团配置','','grouponinfo','1239766266052329473','el-icon-s-tools','views/mall/grouponinfo/index',1,'0','0','2020-03-17 12:13:28','2020-03-17 12:13:28','0'),
('1239766958087323650','拼团列表','mall:grouponinfo:index','','1239766777090523137','','',0,'0','1','2020-03-17 12:14:11','2020-03-24 20:19:17','0'),
('1239767051196678145','拼团查询','mall:grouponinfo:get','','1239766777090523137','','',0,'0','1','2020-03-17 12:14:33','2020-03-24 20:19:17','0'),
('1239767117328269313','拼团新增','mall:grouponinfo:add','','1239766777090523137','','',0,'0','1','2020-03-17 12:14:49','2020-03-24 20:19:17','0'),
('1239767195036139522','拼团修改','mall:grouponinfo:edit','','1239766777090523137','','',0,'0','1','2020-03-17 12:15:07','2020-03-24 20:19:17','0'),
('1239767264883884034','拼团删除','mall:grouponinfo:del','','1239766777090523137','','',0,'0','1','2020-03-17 12:15:24','2020-03-24 20:19:17','0'),
('1239767506106695682','拼团记录','','grouponuser','1239766266052329473','el-icon-s-order','views/mall/grouponuser/index',20,'0','0','2020-03-17 12:16:21','2020-03-17 12:16:21','0'),
('1239767627204640770','拼团记录列表','mall:grouponuser:index','','1239767506106695682','','',0,'0','1','2020-03-17 12:16:50','2020-03-24 20:19:17','0'),
('1243832970918268930','登录日志','','loglogin','2000000','el-icon-info','views/upms/loglogin/index',4,'0','0','2020-03-28 17:31:04','2020-04-26 18:43:02','0'),
('1243833202171219970','登录日志列表','sys:loglogin:index','','1243832970918268930','','',0,'0','1','2020-03-28 17:31:59','2020-03-28 17:31:59','0'),
('1243869063717883905','登录日志查询','sys:loglogin:get','','1243832970918268930','','',0,'0','1','2020-03-28 19:54:29','2020-03-28 19:54:29','0'),
('1250724694023069698','订阅消息模板','','template','ae0619ea3e5b86a3e382081680785f7e','el-icon-s-comment','views/wxma/wxtemplatemsg/index',30,'0','0','2020-04-16 17:56:19','2020-04-16 18:53:19','0'),
('1250724859953930242','订阅消息列表','wxma:wxtemplatemsg:index','','1250724694023069698','','',0,'0','1','2020-04-16 17:56:58','2020-04-16 17:57:58','0'),
('1250725031559684098','订阅消息新增','wxma:wxtemplatemsg:add','','1250724694023069698','','',0,'0','1','2020-04-16 17:57:39','2020-04-16 17:57:39','0'),
('1250725307804934146','订阅消息查询','wxma:wxtemplatemsg:get','','1250724694023069698','','',0,'0','1','2020-04-16 17:58:45','2020-04-16 17:58:45','0'),
('1250725417255297025','订阅消息修改','wxma:wxtemplatemsg:edit','','1250724694023069698','','',0,'0','1','2020-04-16 17:59:11','2020-04-16 17:59:11','0'),
('1250725530589585409','订阅消息删除','wxma:wxtemplatemsg:del','','1250724694023069698','','',0,'0','1','2020-04-16 17:59:38','2020-04-16 17:59:38','0'),
('1293360350588104706','秒杀管理','','seckill','8000000','el-icon-goods','Layout',30,'0','0','2020-08-12 09:35:11','2020-08-12 09:35:11','0'),
('1293360792097320962','秒杀会场','','seckillhall','1293360350588104706','el-icon-s-management','views/mall/seckillhall/index',20,'0','0','2020-08-12 09:36:56','2020-08-12 09:36:56','0'),
('1293360954580463618','秒杀会场新增','mall:seckillhall:add','','1293360792097320962','','',0,'0','1','2020-08-12 09:37:35','2020-08-12 09:37:35','0'),
('1293361105973866497','秒杀会场修改','mall:seckillhall:edit','','1293360792097320962','','',0,'0','1','2020-08-12 09:38:11','2020-08-12 09:38:11','0'),
('1293361232570544129','秒杀会场删除','mall:seckillhall:del','','1293360792097320962','','',0,'0','1','2020-08-12 09:38:41','2020-08-12 09:38:41','0'),
('1293361400409812994','秒杀会场列表','mall:seckillhall:index','','1293360792097320962','','',0,'0','1','2020-08-12 09:39:22','2020-08-12 09:39:22','0'),
('1293361554047168513','秒杀会场查询','mall:seckillhall:get','','1293360792097320962','','',0,'0','1','2020-08-12 09:39:58','2020-08-12 09:39:58','0'),
('1293383822223667201','秒杀商品','','seckillinfo','1293360350588104706','el-icon-s-cooperation','views/mall/seckillinfo/index',10,'0','0','2020-08-12 11:08:27','2020-08-12 11:08:27','0'),
('1293384016864538626','秒杀商品列表','mall:seckillinfo:index','','1293383822223667201','','',0,'0','1','2020-08-12 11:09:14','2020-08-12 11:09:14','0'),
('1293384142387474433','秒杀商品查询','mall:seckillinfo:get','','1293383822223667201','','',0,'0','1','2020-08-12 11:09:44','2020-08-12 11:09:44','0'),
('1293384241469517825','秒杀商品新增','mall:seckillinfo:add','','1293383822223667201','','',0,'0','1','2020-08-12 11:10:07','2020-08-12 11:10:07','0'),
('1293384332062289922','秒杀商品修改','mall:seckillinfo:edit','','1293383822223667201','','',0,'0','1','2020-08-12 11:10:29','2020-08-12 11:10:29','0'),
('1293384409782743041','秒杀商品删除','mall:seckillinfo:del','','1293383822223667201','','',0,'0','1','2020-08-12 11:10:47','2020-08-12 11:10:47','0'),
('129a20e268846e9f03e7c7317d34763a','明细修改','mall:pointsrecord:edit',NULL,'04c920605926e47982b7ede7fa5c3ec6',NULL,NULL,1,'0','1','2019-12-11 11:30:23','2020-03-24 20:19:17','0'),
('1300000','角色管理',NULL,'role','1000000','icon-jiaose','views/upms/role/index',2,'0','0','2017-11-08 10:13:37','2020-04-26 18:42:53','0'),
('1301000','角色新增','sys:role:add',NULL,'1300000',NULL,NULL,1,'0','1','2017-11-08 10:14:18','2020-03-24 20:19:17','0'),
('1302000','角色修改','sys:role:edit',NULL,'1300000',NULL,NULL,1,'0','1','2017-11-08 10:14:41','2020-03-24 20:19:17','0'),
('1303000','角色删除','sys:role:del',NULL,'1300000',NULL,NULL,1,'0','1','2017-11-08 10:14:59','2020-03-24 20:19:17','0'),
('1304000','角色详情','sys:role:get',NULL,'1300000',NULL,NULL,1,'0','1','2019-07-27 11:43:06','2020-03-24 20:19:17','0'),
('1305000','分配权限','sys:role:perm',NULL,'1300000',NULL,NULL,1,'0','1','2018-04-20 07:22:55','2020-03-24 20:19:17','0'),
('1331123534564425730','文章管理','','article','8000000','el-icon-s-management','Layout',40,'0','0','2020-11-24 14:32:36','2020-11-24 14:32:36','0'),
('1331123875771056130','文章分类','','articlecategory','1331123534564425730','el-icon-s-operation','views/mall/articlecategory/index',10,'0','0','2020-11-24 14:33:57','2020-11-24 14:33:57','0'),
('1331124222807769090','文章分类列表','mall:articlecategory:index','','1331123875771056130','','',0,'0','1','2020-11-24 14:35:20','2020-11-24 14:35:20','0'),
('1331124349102456833','文章分类查询','mall:articlecategory:get','','1331123875771056130','','',0,'0','1','2020-11-24 14:35:50','2020-11-24 14:35:50','0'),
('1331124445831495681','文章分类新增','mall:articlecategory:add','','1331123875771056130','','',0,'0','1','2020-11-24 14:36:13','2020-11-24 14:36:13','0'),
('1331124539226062849','文章分类修改','mall:articlecategory:edit','','1331123875771056130','','',0,'0','1','2020-11-24 14:36:35','2020-11-24 14:36:35','0'),
('1331124631018405890','文章分类删除','mall:articlecategory:del','','1331123875771056130','','',0,'0','1','2020-11-24 14:36:57','2020-11-24 14:36:57','0'),
('1331127314508939265','文章内容','','articleinfo','1331123534564425730','el-icon-s-order','views/mall/articleinfo/index',20,'0','0','2020-11-24 14:47:37','2020-11-24 14:47:37','0'),
('1331127770438172674','文章列表','mall:articleinfo:index','','1331127314508939265','','',0,'0','1','2020-11-24 14:49:26','2020-11-24 14:49:26','0'),
('1331127886733639681','文章查询','mall:articleinfo:get','','1331127314508939265','','',0,'0','1','2020-11-24 14:49:54','2020-11-24 14:49:54','0'),
('1331127967310413825','文章新增','mall:articleinfo:add','','1331127314508939265','','',0,'0','1','2020-11-24 14:50:13','2020-11-24 14:50:13','0'),
('1331128039997702145','文章修改','mall:articleinfo:edit','','1331127314508939265','','',0,'0','1','2020-11-24 14:50:30','2020-11-24 14:50:30','0'),
('1331128115079938050','文章删除','mall:articleinfo:del','','1331127314508939265','','',0,'0','1','2020-11-24 14:50:48','2020-11-24 14:50:48','0'),
('1333655579517886465','test','','/joolun','0','el-icon-s-promotion','Layout',4,'0','0','2020-12-01 14:14:02','2020-12-18 15:47:08','0'),
('1333656142418649090','test1','','licenseinfo','1333655579517886465','el-icon-s-tools','views/gitea/licenseinfo/index',10,'0','0','2020-12-01 14:16:17','2020-12-18 15:47:16','0'),
('1333656317673447425','test1列表','gitea:licenseinfo:index','','1333656142418649090','','',0,'0','1','2020-12-01 14:16:58','2020-12-18 15:48:02','0'),
('1333656424242323457','test1查询','gitea:licenseinfo:get','','1333656142418649090','','',0,'0','1','2020-12-01 14:17:24','2020-12-18 15:48:17','0'),
('1333656504374501377','test1新增','gitea:licenseinfo:add','','1333656142418649090','','',0,'0','1','2020-12-01 14:17:43','2020-12-18 15:48:22','0'),
('1333656645940649985','test1修改','gitea:licenseinfo:edit','','1333656142418649090','','',0,'0','1','2020-12-01 14:18:17','2020-12-18 15:48:27','0'),
('1333656774424764418','test1删除','gitea:licenseinfo:del','','1333656142418649090','','',0,'0','1','2020-12-01 14:18:47','2020-12-18 15:48:32','0'),
('1333990517710544898','test2','','userinfo','1333655579517886465','el-icon-user-solid','views/gitea/userinfo/index',20,'0','0','2020-12-02 12:24:58','2020-12-18 15:47:23','0'),
('1333990647738163202','用户列表','gitea:userinfo:index','','1333990517710544898','','',0,'0','1','2020-12-02 12:25:29','2020-12-02 12:25:29','0'),
('1333990741157896193','用户查询','gitea:userinfo:get','','1333990517710544898','','',0,'0','1','2020-12-02 12:25:51','2020-12-02 12:25:51','0'),
('1333990945781211137','用户新增','gitea:userinfo:add','','1333990517710544898','','',0,'0','1','2020-12-02 12:26:40','2020-12-02 12:26:40','0'),
('1333991026555117570','用户修改','gitea:userinfo:edit','','1333990517710544898','','',0,'0','1','2020-12-02 12:26:59','2020-12-02 12:26:59','0'),
('1333991106171396098','用户删除','gitea:userinfo:del','','1333990517710544898','','',0,'0','1','2020-12-02 12:27:18','2020-12-02 12:27:18','0'),
('1334008369679196162','test3','','sysloglogin','1333655579517886465','el-icon-s-open','views/gitea/sysloglogin/index',30,'0','0','2020-12-02 13:35:54','2020-12-18 15:47:31','0'),
('1334008563766419457','登录日志列表','gitea:sysloglogin:index','','1334008369679196162','','',0,'0','1','2020-12-02 13:36:40','2020-12-02 13:36:40','0'),
('1334008661275598850','登录日志查询','gitea:sysloglogin:get','','1334008369679196162','','',0,'0','1','2020-12-02 13:37:04','2020-12-02 13:37:04','0'),
('1337996450811940866','test4','','illegallogin','1333655579517886465','el-icon-s-marketing','views/gitea/illegallogin/index',40,'0','0','2020-12-13 13:43:07','2020-12-18 15:47:38','0'),
('1337997158873370626','test4列表','gitea:illegallogin:index','','1337996450811940866','','',0,'0','1','2020-12-13 13:45:56','2020-12-18 15:48:52','0'),
('1337997234198876162','test4查询','gitea:illegallogin:get','','1337996450811940866','','',0,'0','1','2020-12-13 13:46:14','2020-12-18 15:48:58','0'),
('1337997307662110722','test4新增','gitea:illegallogin:add','','1337996450811940866','','',0,'0','1','2020-12-13 13:46:31','2020-12-18 15:49:03','0'),
('1337997392881979393','test4修改','gitea:illegallogin:edit','','1337996450811940866','','',0,'0','1','2020-12-13 13:46:51','2020-12-18 15:49:08','0'),
('1337997479859261442','test4删除','gitea:illegallogin:del','','1337996450811940866','','',0,'0','1','2020-12-13 13:47:12','2020-12-18 15:49:14','0'),
('1342074455276478465','缓存控制','','cache','1227202152985784322','el-icon-upload','views/upms/cache/index',50,'0','0','2020-12-24 19:47:39','2020-12-24 19:47:39','0'),
('1342074603792588801','缓存查询','sys:cache:index','','1342074455276478465','','',0,'0','1','2020-12-24 19:48:14','2020-12-24 19:48:14','0'),
('1342089211811028994','会员管理','','user','8000000','el-icon-user-solid','Layout',2,'0','0','2020-12-24 20:46:17','2021-09-18 15:50:43','0'),
('1342093572213661698','商品收藏','','goods','1342089211811028994','el-icon-s-goods','views/mall/usercollect/goods',20,'0','0','2020-12-24 21:03:37','2020-12-24 21:03:37','0'),
('1342093905342062593','商品收藏列表','mall:usercollect:index','','1342093572213661698','','',0,'0','1','2020-12-24 21:04:56','2020-12-24 21:04:56','0'),
('1342112579171999746','会员足迹','','userfootprint','1342089211811028994','el-icon-s-marketing','views/mall/userfootprint/index',40,'0','0','2020-12-24 22:19:08','2020-12-24 22:19:08','0'),
('1342112864309174273','足迹列表','mall:userfootprint:index','','1342112579171999746','','',0,'0','1','2020-12-24 22:20:16','2020-12-24 22:20:16','0'),
('1342368489077252098','直播管理','','wxlive','ae0619ea3e5b86a3e382081680785f7e','el-icon-video-camera-solid','views/wxma/wxlive/index',40,'0','0','2020-12-25 15:16:02','2020-12-25 15:16:02','0'),
('1342368718203691010','直播列表','wxma:wxmalive:index','','1342368489077252098','','',0,'0','1','2020-12-25 15:16:57','2020-12-25 15:16:57','0'),
('1342369468602425345','小程序直播新增','wxma:wxmalive:add','','1342368489077252098','','',0,'0','1','2020-12-25 15:19:56','2020-12-25 15:19:56','0'),
('1342369546528399362','小程序直播修改','wxma:wxmalive:edit','','1342368489077252098','','',0,'0','1','2020-12-25 15:20:14','2020-12-25 15:20:14','0'),
('1342369625242902530','小程序直播删除','wxma:wxmalive:del','','1342368489077252098','','',0,'0','1','2020-12-25 15:20:33','2020-12-25 15:20:33','0'),
('1372090280218505217','直播商品管理','','wxlivegoods','ae0619ea3e5b86a3e382081680785f7e','el-icon-s-goods','views/wxma/wxlivegoods/index',50,'0','0','2021-03-17 15:39:49','2021-03-17 15:40:13','0'),
('1372090492391567361','直播商品列表','wxma:wxmalivegoods:index','','1372090280218505217','','',0,'0','1','2021-03-17 15:40:40','2021-03-17 16:27:26','0'),
('1372101740151746561','直播商品新增','wxma:wxmalivegoods:add','','1372090280218505217','','',0,'0','1','2021-03-17 16:25:21','2021-03-17 16:25:21','0'),
('1372101887707361282','直播商品修改','wxma:wxmalivegoods:edit','','1372090280218505217','','',0,'0','1','2021-03-17 16:25:57','2021-03-17 16:25:57','0'),
('1372102024953376769','直播商品删除','wxma:wxmalivegoods:del','','1372090280218505217','','',0,'0','1','2021-03-17 16:26:29','2021-03-17 16:26:29','0'),
('1372102231694815234','直播商品查询','wxma:wxmalivegoods:get','','1372090280218505217','','',0,'0','1','2021-03-17 16:27:19','2021-03-17 16:27:19','0'),
('1400000','机构管理',NULL,'organ','1000000','icon-bumen','views/upms/organ/index',3,'0','0','2018-01-20 13:17:19','2020-04-26 18:42:56','0'),
('1401000','机构新增','sys:organ:add',NULL,'1400000',NULL,NULL,1,'0','1','2018-01-20 14:56:16','2020-03-24 20:19:17','0'),
('1402000','机构修改','sys:organ:edit',NULL,'1400000',NULL,NULL,1,'0','1','2018-01-20 14:56:59','2020-03-24 20:19:17','0'),
('1403000','机构删除','sys:organ:del',NULL,'1400000',NULL,NULL,1,'0','1','2018-01-20 14:57:28','2020-03-24 20:19:17','0'),
('1404000','机构详情','sys:organ:get',NULL,'1400000',NULL,NULL,1,'0','1','2019-07-27 11:31:26','2020-03-24 20:19:17','0'),
('1501764795530477570','草稿箱','','wxdraft','8100000','el-icon-s-management','views/wxmp/wxdraft/index',4,'0','0','2022-03-10 11:40:03','2022-03-10 12:04:29','0'),
('1501764915156221954','新增草稿箱','wxmp:wxdraft:add','','1501764795530477570','','',0,'0','1','2022-03-10 11:40:31','2022-03-10 11:40:31','0'),
('1501765024115851265','修改草稿箱','wxmp:wxdraft:edit','','1501764795530477570','','',0,'0','1','2022-03-10 11:40:57','2022-03-10 11:40:57','0'),
('1501765156685217793','删除草稿箱','wxmp:wxdraft:del','','1501764795530477570','','',0,'0','1','2022-03-10 11:41:29','2022-03-10 11:41:29','0'),
('1501765381776736257','草稿箱列表','wxmp:wxdraft:index','','1501764795530477570','','',0,'0','1','2022-03-10 11:42:23','2022-03-10 11:42:23','0'),
('1501851134011637761','已发布','','wxfreepublish','8100000','el-icon-camera-solid','views/wxmp/wxfreepublish/index',4,'0','0','2022-03-10 17:23:08','2022-03-10 17:23:08','0'),
('1501851272989900802','成功发布列表','wxmp:wxfreepublish:index','','1501851134011637761','','',0,'0','1','2022-03-10 17:23:41','2022-03-10 17:23:41','0'),
('1501851374773075970','删除已发布','wxmp:wxfreepublish:del','','1501851134011637761','','',0,'0','1','2022-03-10 17:24:05','2022-03-10 17:24:05','0'),
('1501851453114286081','发布草稿','wxmp:wxdraft:publish','','1501764795530477570','','',0,'0','1','2022-03-10 17:24:24','2022-03-10 17:24:24','0'),
('158da8253a07848d3087e27742b90ecf','积分设置查询','mall:pointsconfig:get',NULL,'f9ef6fbe98f64ab0f0076d9d51a34f2e',NULL,NULL,1,'0','1','2019-12-11 22:21:02','2020-03-24 20:19:17','0'),
('17e1ead2dacd1d312105b396b3517032','砍价删除','mall:bargaininfo:del',NULL,'33f86fb25ecde4e2bc5ec0bdf9229e28',NULL,NULL,1,'0','1','2019-12-28 19:04:39','2020-03-24 20:19:17','0'),
('1803c5717dce433515683a91bb6d704b','领券记录查询','mall:couponuser:get',NULL,'6dcb14bf76e04a4f5345a1ec6bd7eacc',NULL,NULL,1,'0','1','2019-12-18 18:30:09','2020-03-24 20:19:17','0'),
('1923c874226184c056658a742f295534','菜单列表','sys:menu:index',NULL,'1200000',NULL,NULL,1,'0','1','2019-10-18 21:20:04','2020-03-24 20:19:17','0'),
('1a722cc14550813e4caeb5dee7bd5597','电子券删除','mall:couponinfo:del',NULL,'ba1273686386588c78b20b93fcb1779f',NULL,NULL,1,'0','1','2019-12-14 12:01:13','2020-03-24 20:19:17','0'),
('1ee60d42f423c8e0b1b0438ab69aaba4','查询用户','mall:userinfo:get',NULL,'db95df20df51a46afa7935f38efb7360',NULL,NULL,1,'0','1','2019-12-10 20:58:21','2020-03-24 20:19:17','0'),
('2000000','系统管理',NULL,'/sys','0','icon-xitongguanli','Layout',1,'0','0','2017-11-07 20:56:00','2020-04-26 18:56:40','0'),
('2100000','操作日志',NULL,'log','2000000','el-icon-s-order','views/upms/log/index',5,'0','0','2017-11-20 14:06:22','2020-04-26 18:43:05','0'),
('2101000','日志删除','sys:log:del',NULL,'2100000',NULL,NULL,1,'0','1','2017-11-20 20:37:37','2020-03-24 20:19:17','0'),
('2185077a9a1a8c4ed3ae2d892e17db1a','租户修改','sys:tenant:edit',NULL,'e9c150621e6bcfd7f0cea479d2ab9236',NULL,NULL,1,'0','1','2019-10-12 20:34:20','2020-03-24 20:19:17','0'),
('2200000','字典管理',NULL,'dict','2000000','icon-zidian','views/upms/dict/index',6,'0','0','2017-11-29 11:30:52','2020-04-26 18:43:14','0'),
('2201000','字典删除','sys:dict:del',NULL,'2200000',NULL,NULL,1,'0','1','2017-11-29 11:30:11','2020-03-24 20:19:17','0'),
('2202000','字典新增','sys:dict:add',NULL,'2200000',NULL,NULL,1,'0','1','2018-05-11 22:34:55','2020-03-24 20:19:17','0'),
('2203000','字典修改','sys:dict:edit',NULL,'2200000',NULL,NULL,1,'0','1','2018-05-11 22:36:03','2020-03-24 20:19:17','0'),
('22dad641b94b70574166204f014e462d','字典详情','sys:dict:get',NULL,'2200000',NULL,NULL,1,'0','1','2019-10-18 21:16:48','2020-03-24 20:19:17','0'),
('2300000','代码生成器','','gen','f513f9e7cb53c16e5de982e12268b070','icon-daimashengcheng','views/gen/index',4,'0','0','2018-01-20 13:17:19','2020-02-18 21:07:24','0'),
('2304aae6101ef1b56160e5cfe63b997a','租户列表','sys:tenant:index',NULL,'e9c150621e6bcfd7f0cea479d2ab9236',NULL,NULL,1,'0','1','2019-10-18 21:26:34','2020-03-24 20:19:17','0'),
('2400000','终端管理','','client','1000000','icon-shouji','views/upms/client/index',9,'0','0','2018-01-20 13:17:19','2020-04-26 18:43:24','0'),
('2401000','客户端新增','sys:client:add',NULL,'2400000','1',NULL,1,'0','1','2018-05-15 21:35:18','2020-03-24 20:19:17','0'),
('2402000','客户端修改','sys:client:edit',NULL,'2400000',NULL,NULL,1,'0','1','2018-05-15 21:37:06','2020-03-24 20:19:17','0'),
('2403000','客户端删除','sys:client:del',NULL,'2400000',NULL,NULL,1,'0','1','2018-05-15 21:39:16','2020-03-24 20:19:17','0'),
('241b84a3f3ae7876271634c094dee5cc','客户端详情','sys:client:get',NULL,'2400000',NULL,NULL,1,'0','1','2019-10-18 21:22:14','2020-03-24 20:19:17','0'),
('2600000','令牌管理',NULL,'token','2000000','icon-lingpai','views/upms/token/index',11,'0','0','2018-09-04 05:58:41','2020-04-26 18:42:30','0'),
('2601000','令牌删除','sys:token:del',NULL,'2600000',NULL,NULL,1,'0','1','2018-09-04 05:59:50','2020-03-24 20:19:17','0'),
('266d5676deeafd74df0febe6a45cc209','租户新增','sys:tenant:add',NULL,'e9c150621e6bcfd7f0cea479d2ab9236',NULL,NULL,1,'0','1','2019-10-12 20:35:00','2020-03-24 20:19:17','0'),
('2700000','接口文档',NULL,'doc','1227202152985784322','el-icon-s-claim','views/upms/doc/index',8,'0','0','2019-07-31 11:41:39','2020-04-26 18:43:12','0'),
('2a437bae8175be76cb075ea2888f412d','商品类目列表','mall:goodscategory:index',NULL,'8200000',NULL,NULL,1,'0','1','2019-10-18 21:40:11','2020-03-24 20:19:17','0'),
('2b8fa95ebcb3111266ba38f833faf4db','租户删除','sys:tenant:del',NULL,'e9c150621e6bcfd7f0cea479d2ab9236',NULL,NULL,1,'0','1','2019-10-12 20:33:59','2020-03-24 20:19:17','0'),
('2f5d0e7eda34754af13a3d3f519dce19','小程序配置详情','wxmp:wxapp:get',NULL,'a96328161a39450238e8cafa243b7c35',NULL,NULL,1,'0','1','2019-09-25 17:09:49','2020-03-24 20:19:17','0'),
('33f86fb25ecde4e2bc5ec0bdf9229e28','砍价配置',NULL,'bargaininfo','5b1483fcac1c14bcabc28b7e50f21921','el-icon-s-tools','views/mall/bargaininfo/index',1,'0','0','2019-12-28 19:06:53','2019-12-28 19:08:58','0'),
('3412a37e6cdc2de99fd534b9327c6288','素材修改','mall:material:edit',NULL,'e2ab8932bc86ad98b917c22731205caa',NULL,NULL,1,'0','1','2019-10-26 19:35:49','2020-03-24 20:19:17','0'),
('35c3726d4956967e108dd142f71f6627','CRUD表格设计器',NULL,'https://crud.avuejs.com/','f513f9e7cb53c16e5de982e12268b070','el-icon-s-grid','https://crud.avuejs.com/',1,'0','0','2019-11-05 18:19:00','2020-02-15 22:30:54','0'),
('39855c97d751071177ab9e88680b78aa','小程序配置修改','wxmp:wxapp:edit',NULL,'a96328161a39450238e8cafa243b7c35',NULL,NULL,1,'0','1','2019-09-25 17:12:12','2020-03-24 20:19:17','0'),
('3d73a5a1971f8485850e387e00da4381','明细查询','mall:pointsrecord:get',NULL,'04c920605926e47982b7ede7fa5c3ec6',NULL,NULL,1,'0','1','2019-12-11 11:29:44','2020-03-24 20:19:17','0'),
('3fe13d13918b4386750fbc470cb74689','素材列表','mall:material:index',NULL,'e2ab8932bc86ad98b917c22731205caa',NULL,NULL,1,'0','1','2019-10-26 19:35:02','2020-03-24 20:19:17','0'),
('43886e8bc03aa4dbbd56b88bc7616b3f','小程序配置新增','wxmp:wxapp:add',NULL,'a96328161a39450238e8cafa243b7c35',NULL,NULL,1,'0','1','2019-09-25 17:10:24','2020-03-24 20:19:17','0'),
('4b382a3090885d2783f1f8a1c8e72da9','电子券查询','mall:couponinfo:get',NULL,'ba1273686386588c78b20b93fcb1779f',NULL,NULL,1,'0','1','2019-12-14 12:00:05','2020-03-24 20:19:17','0'),
('4d4ee31e793ab205bd1b0c0796ab464a','明细列表','mall:pointsrecord:index',NULL,'04c920605926e47982b7ede7fa5c3ec6',NULL,NULL,1,'0','1','2019-12-11 11:29:23','2020-03-24 20:19:17','0'),
('4e2f07380b3a3a3c83491b44becc87d1','砍价记录列表','mall:bargainuser:index',NULL,'cb3e50350c8d982ee23474146281f7ed',NULL,NULL,0,'0','1','2020-01-03 19:50:15','2020-03-24 20:19:17','0'),
('56b7671766135eedb032de157694aecb','通知列表','mall:noticeitem:index',NULL,'8bd8eabf33a6b8b56c04392063bade07',NULL,NULL,1,'0','1','2019-11-10 19:09:08','2020-03-24 20:19:17','0'),
('5905015167129a3fd2ac4440132f06e2','通知新增','mall:noticeitem:add',NULL,'8bd8eabf33a6b8b56c04392063bade07',NULL,NULL,1,'0','1','2019-11-10 19:09:56','2020-03-24 20:19:17','0'),
('5a46087c7799d15b3f7dec6373459c18','砍价列表','mall:bargaininfo:index',NULL,'33f86fb25ecde4e2bc5ec0bdf9229e28',NULL,NULL,1,'0','1','2019-12-28 19:03:15','2020-03-24 20:19:17','0'),
('5b1483fcac1c14bcabc28b7e50f21921','砍价管理',NULL,'bargain','8000000','el-icon-watermelon','Layout',7,'0','0','2019-12-28 18:59:37','2019-12-28 19:02:29','0'),
('5b234a22036af9fcacaad011a3a5a207','电子券新增','mall:couponinfo:add',NULL,'ba1273686386588c78b20b93fcb1779f',NULL,NULL,1,'0','1','2019-12-14 12:00:29','2020-03-24 20:19:17','0'),
('5c4d7e01c344912ab0f55f4c951995f7','用户修改','mall:userinfo:edit',NULL,'db95df20df51a46afa7935f38efb7360',NULL,NULL,1,'0','1','2019-12-10 20:59:13','2020-03-24 20:19:17','0'),
('5d7eca401883fb565e5dfc7b855ed566','客户端列表','sys:client:index',NULL,'2400000',NULL,NULL,1,'0','1','2019-10-18 21:21:26','2020-03-24 20:19:17','0'),
('5f3b1faf8a0b5179bf32acd9759f2bfc','角色列表','sys:role:index',NULL,'1300000',NULL,NULL,1,'0','1','2019-10-18 21:25:28','2020-03-24 20:19:17','0'),
('62165a91efcb202e65c55cde8a0ef62a','用户消息列表','wxmp:wxmsg:index',NULL,'8170000',NULL,NULL,1,'0','1','2019-10-18 21:36:15','2020-03-24 20:19:17','0'),
('682cd9c287b1f8eddb5ffaa88711be49','通知修改','mall:noticeitem:edit',NULL,'8bd8eabf33a6b8b56c04392063bade07',NULL,NULL,1,'0','1','2019-11-10 19:10:16','2020-03-24 20:19:17','0'),
('6c717f6f1ddc913366e4ba902f84aecf','商城订单详情','mall:orderinfo:get',NULL,'70dbfd7911a393a3c50d1eef09a8708f',NULL,NULL,1,'0','1','2019-09-10 15:13:44','2020-03-24 20:19:17','0'),
('6ce1a6e397603915346dc39d2cf2cd8e','用户列表','mall:userinfo:index',NULL,'db95df20df51a46afa7935f38efb7360',NULL,NULL,1,'0','1','2019-12-10 20:57:48','2020-03-24 20:19:17','0'),
('6dcb14bf76e04a4f5345a1ec6bd7eacc','领券记录',NULL,'couponuser','d2d722dc5a535b918e8edc711e77d5c6','el-icon-s-order','views/mall/couponuser/index',2,'0','0','2019-12-18 18:28:31','2020-02-15 22:30:54','0'),
('6e46351de075ab9febf8ee6ec17bdced','退款单',NULL,'orderrefunds','7f2e1c50777c7b3009fb44af37766a54','el-icon-s-release','views/mall/orderrefunds/index',2,'0','0','2019-12-13 19:22:17','2020-02-15 22:30:54','0'),
('70429f02ff42a948929190d7363cb8ae','积分设置修改','mall:pointsconfig:edit',NULL,'f9ef6fbe98f64ab0f0076d9d51a34f2e',NULL,NULL,1,'0','1','2019-12-06 16:37:13','2020-03-24 20:19:17','0'),
('70a667199c0b5af89a9aec25395de035','电子券列表','mall:couponinfo:index',NULL,'ba1273686386588c78b20b93fcb1779f',NULL,NULL,1,'0','1','2019-12-14 11:59:33','2020-03-24 20:19:17','0'),
('70dbfd7911a393a3c50d1eef09a8708f','全部订单','','orderinfo','7f2e1c50777c7b3009fb44af37766a54','el-icon-s-order','views/mall/orderinfo/index',2,'0','0','2019-09-10 15:07:14','2019-09-10 15:07:29','0'),
('71efc9c14c1c83dd30c826e82ea33eda','明细新增','mall:pointsrecord:add',NULL,'04c920605926e47982b7ede7fa5c3ec6',NULL,NULL,1,'0','1','2019-12-11 11:30:03','2020-03-24 20:19:17','0'),
('74008da0be270ec7c90d9b44d5336e24','小程序配置列表','wxmp:wxapp:index',NULL,'a96328161a39450238e8cafa243b7c35',NULL,NULL,1,'0','1','2019-10-18 21:32:44','2020-03-24 20:19:17','0'),
('7b507e991dc0d6364e9ede4a3e3c0f75','规格列表','mall:goodsspec:index',NULL,'8400000',NULL,NULL,1,'0','1','2019-10-18 21:40:42','2020-03-24 20:19:17','0'),
('7b7dce33eb721f48c81c4c245345bf2d','商品列表','mall:goodsspu:index',NULL,'8300000',NULL,NULL,1,'0','1','2019-10-18 21:39:43','2020-03-24 20:19:17','0'),
('7dcb5d797e46db0bfbc8a1bd2b2079b8','消息自动回复列表','wxmp:wxautoreply:index',NULL,'8160000',NULL,NULL,1,'0','1','2019-10-18 21:33:43','2020-03-24 20:19:17','0'),
('7f2e1c50777c7b3009fb44af37766a54','订单管理',NULL,'order','8000000','el-icon-s-order','Layout',4,'0','0','2019-09-25 13:01:14','2019-09-25 13:06:52','0'),
('7f9dde9bc5f370716d2295302b78a5c1','商品评价详情','mall:goodsappraises:get',NULL,'c247293edbfc0ee004f413cb6ee654cd',NULL,NULL,1,'0','1','2019-09-25 20:30:28','2020-03-24 20:19:17','0'),
('8000000','商城模块','','/mall','0','el-icon-s-shop','Layout',0,'0','0','2018-01-20 13:17:19','2020-02-18 16:06:15','0'),
('8100000','公众号管理','','wxmp','1229675965086429186','icon-gongzhonghao','Layout',0,'0','0','2018-01-20 13:17:19','2020-02-18 16:07:41','0'),
('8110000','公众号列表','','wxapp','8100000','icon-peizhi','views/wxmp/wxapp/index',0,'0','0','2018-01-20 13:17:19','2020-02-18 18:15:10','0'),
('8111000','公众号配置新增','wxmp:wxapp:add',NULL,'8110000','1',NULL,0,'0','1','2018-05-15 21:35:18','2020-03-24 20:19:17','0'),
('8112000','公众号配置修改','wxmp:wxapp:edit',NULL,'8110000','1',NULL,1,'0','1','2018-05-15 21:35:18','2020-03-24 20:19:17','0'),
('8113000','公众号配置删除','wxmp:wxapp:del',NULL,'8110000','1',NULL,2,'0','1','2018-05-15 21:35:18','2020-03-24 20:19:17','0'),
('8114000','公众号配置详情','wxmp:wxapp:get',NULL,'8110000','1',NULL,3,'0','1','2018-05-15 21:35:18','2020-03-24 20:19:17','0'),
('8120000','公众号用户','','wxuser','8100000','icon-yonghu','views/wxmp/wxuser/index',2,'0','0','2018-01-20 13:17:19','2019-04-02 09:50:46','0'),
('8121000','公众号用户新增','wxmp:wxuser:add',NULL,'8120000','1',NULL,0,'0','1','2018-05-15 21:35:18','2020-03-24 20:19:17','0'),
('8122000','公众号用户修改','wxmp:wxuser:edit',NULL,'8120000','1',NULL,1,'0','1','2018-05-15 21:35:18','2020-03-24 20:19:17','0'),
('8123000','公众号用户删除','wxmp:wxuser:del',NULL,'8120000','1',NULL,2,'0','1','2018-05-15 21:35:18','2020-03-24 20:19:17','0'),
('8124000','公众号用户详情','wxmp:wxuser:get',NULL,'8120000','1',NULL,3,'0','1','2018-05-15 21:35:18','2020-03-24 20:19:17','0'),
('8125000','公众号用户同步','wxmp:wxuser:synchro',NULL,'8120000',NULL,NULL,1,'0','1','2019-04-14 17:35:01','2020-03-24 20:19:17','0'),
('8126000','公众号用户备注修改','wxmp:wxuser:edit:remark',NULL,'8120000',NULL,NULL,1,'0','1','2019-04-17 14:35:14','2020-03-24 20:19:17','0'),
('8127000','公众号用户打标签','wxmp:wxuser:tagging',NULL,'8120000',NULL,NULL,1,'0','1','2019-04-17 15:26:18','2020-03-24 20:19:17','0'),
('8130000','素材管理','','wxmaterial','8100000','el-icon-s-cooperation','views/wxmp/wxmaterial/index',4,'0','0','2018-01-20 13:17:19','2019-04-02 09:50:46','0'),
('8131000','素材新增','wxmp:wxmaterial:add',NULL,'8130000','1',NULL,0,'0','1','2018-05-15 21:35:18','2020-03-24 20:19:17','0'),
('8132000','素材修改','wxmp:wxmaterial:edit',NULL,'8130000','1',NULL,1,'0','1','2018-05-15 21:35:18','2020-03-24 20:19:17','0'),
('8133000','素材删除','wxmp:wxmaterial:del',NULL,'8130000','1',NULL,2,'0','1','2018-05-15 21:35:18','2020-03-24 20:19:17','0'),
('8134000','素材详情','wxmp:wxmaterial:get',NULL,'8130000','1',NULL,3,'0','1','2018-05-15 21:35:18','2020-03-24 20:19:17','0'),
('8140000','自定义菜单','','wxmenu','8100000','el-icon-s-unfold','views/wxmp/wxmenu/detail',5,'0','0','2018-01-20 13:17:19','2020-02-18 18:15:40','0'),
('8141000','自定义菜单发布','wxmp:wxmenu:add',NULL,'8140000','1',NULL,4,'0','1','2018-05-15 21:35:18','2020-03-24 20:19:17','0'),
('8142000','自定义菜单详情','wxmp:wxmenu:get',NULL,'8140000','1',NULL,5,'0','1','2018-05-15 21:35:18','2020-03-24 20:19:17','0'),
('8150000','用户标签',NULL,'wxusertags','8100000','el-icon-s-flag','views/wxmp/wxusertags/index',1,'0','0','2019-04-16 17:28:44','2020-02-18 18:15:24','0'),
('8151000','用户标签列表','wxmp:wxusertags:list',NULL,'8150000',NULL,NULL,1,'0','1','2019-04-16 17:30:24','2020-03-24 20:19:17','0'),
('8152000','用户标签新增','wxmp:wxusertags:add',NULL,'8150000',NULL,NULL,1,'0','1','2019-04-17 09:03:56','2020-03-24 20:19:17','0'),
('8153000','用户标签修改','wxmp:wxusertags:edit',NULL,'8150000',NULL,NULL,1,'0','1','2019-04-17 09:04:33','2020-03-24 20:19:17','0'),
('8154000','用户标签删除','wxmp:wxusertags:del',NULL,'8150000',NULL,NULL,1,'0','1','2019-04-17 09:05:08','2020-03-24 20:19:17','0'),
('8160000','消息自动回复','','wxautoreply','8100000','el-icon-s-comment','views/wxmp/wxautoreply/index',6,'0','0','2018-01-20 13:17:19','2018-07-29 13:38:19','0'),
('8161000','消息自动回复新增','wxmp:wxautoreply:add',NULL,'8160000','1',NULL,0,'0','1','2018-05-15 21:35:18','2020-03-24 20:19:17','0'),
('8162000','消息自动回复修改','wxmp:wxautoreply:edit',NULL,'8160000','1',NULL,1,'0','1','2018-05-15 21:35:18','2020-03-24 20:19:17','0'),
('8163000','消息自动回复删除','wxmp:wxautoreply:del',NULL,'8160000','1',NULL,2,'0','1','2018-05-15 21:35:18','2020-03-24 20:19:17','0'),
('8164000','消息自动回复详情','wxmp:wxautoreply:get',NULL,'8160000','1',NULL,3,'0','1','2018-05-15 21:35:18','2020-03-24 20:19:17','0'),
('8170000','用户消息','','wxmsg','8100000','el-icon-s-comment','views/wxmp/wxmsg/index',3,'0','0','2019-05-28 16:04:18','2020-02-18 18:15:32','0'),
('8171000','用户消息新增','wxmp:wxmsg:add',NULL,'8170000',NULL,NULL,1,'0','1','2019-05-28 16:05:48','2020-03-24 20:19:17','0'),
('8172000','用户消息修改','wxmp:wxmsg:edit',NULL,'8170000',NULL,NULL,1,'0','1','2019-05-28 16:06:15','2020-03-24 20:19:17','0'),
('8173000','用户消息删除','wxmp:wxmsg:del',NULL,'8170000',NULL,NULL,1,'0','1','2019-05-28 16:11:06','2020-03-24 20:19:17','0'),
('8174000','用户消息详情','wxmp:wxmsg:get',NULL,'8170000',NULL,NULL,1,'0','1','2019-05-28 16:11:35','2020-03-24 20:19:17','0'),
('8180000','消息群发','','wxmassmsg','8100000','el-icon-s-comment','views/wxmp/wxmassmsg/index',8,'0','0','2018-01-20 13:17:19','2020-02-18 18:15:48','0'),
('8181000','微信群发消息新增','wxmp:wxmassmsg:add',NULL,'8180000','1',NULL,0,'0','1','2018-05-15 21:35:18','2020-03-24 20:19:17','0'),
('8182000','微信群发消息修改','wxmp:wxmassmsg:edit',NULL,'8180000','1',NULL,1,'0','1','2018-05-15 21:35:18','2020-03-24 20:19:17','0'),
('8183000','微信群发消息删除','wxmp:wxmassmsg:del',NULL,'8180000','1',NULL,2,'0','1','2018-05-15 21:35:18','2020-03-24 20:19:17','0'),
('8184000','微信群发消息详情','wxmp:wxmassmsg:get',NULL,'8180000','1',NULL,3,'0','1','2018-05-15 21:35:18','2020-03-24 20:19:17','0'),
('8200000','商品类目','','goodscategory','8500000','el-icon-s-finance','views/mall/goodscategory/index',2,'0','0','2019-08-12 14:20:15','2019-08-12 16:15:13','0'),
('8210000','商品类目新增','mall:goodscategory:add',NULL,'8200000',NULL,NULL,1,'0','1','2019-08-12 14:21:10','2020-03-24 20:19:17','0'),
('8220000','商品类目修改','mall:goodscategory:edit',NULL,'8200000',NULL,NULL,1,'0','1','2019-08-12 14:21:46','2020-03-24 20:19:17','0'),
('8230000','商品类目删除','mall:goodscategory:del',NULL,'8200000',NULL,NULL,1,'0','1','2019-08-12 14:22:12','2020-03-24 20:19:17','0'),
('8240000','商品类目详情','mall:goodscategory:get',NULL,'8200000',NULL,NULL,1,'0','1','2019-08-12 14:22:43','2020-03-24 20:19:17','0'),
('82dcc2e0e8ca1c0f8bd4c424a5dda5c5','退款单列表','mall:orderrefunds:index',NULL,'6e46351de075ab9febf8ee6ec17bdced',NULL,NULL,1,'0','1','2019-12-13 19:23:01','2020-03-24 20:19:17','0'),
('8300000','全部商品','','goodsspu','8500000','el-icon-s-goods','views/mall/goodsspu/index',0,'0','0','2019-08-12 16:32:05','2019-08-12 16:32:38','0'),
('8310000','商品新增','mall:goodsspu:add',NULL,'8300000',NULL,NULL,1,'0','1','2019-08-12 16:34:18','2020-03-24 20:19:17','0'),
('8320000','商品修改','mall:goodsspu:edit',NULL,'8300000',NULL,NULL,1,'0','1','2019-08-12 16:34:53','2020-03-24 20:19:17','0'),
('8330000','商品删除','mall:goodsspu:del',NULL,'8300000',NULL,NULL,1,'0','1','2019-08-12 16:35:22','2020-03-24 20:19:17','0'),
('8340000','商品详情','mall:goodsspu:get',NULL,'8300000',NULL,NULL,1,'0','1','2019-08-12 16:35:42','2020-03-24 20:19:17','0'),
('8398b906bfd903c55d3bab220d95d050','运费模板查询','mall:freighttemplat:get',NULL,'e6a73489db9ef754101570b0e6d0d2e5',NULL,NULL,1,'0','1','2019-12-24 16:27:16','2020-03-24 20:19:17','0'),
('8400000','规格管理','','goodsspec','8500000','el-icon-s-operation','views/mall/goodsspec/index',1,'0','0','2019-08-13 16:22:40','2019-08-13 16:23:51','0'),
('8410000','规格新增','mall:goodsspec:add',NULL,'8400000',NULL,NULL,1,'0','1','2019-08-13 16:21:01','2020-03-24 20:19:17','0'),
('8420000','规格删除','mall:goodsspec:del',NULL,'8400000',NULL,NULL,1,'0','1','2019-08-13 16:21:28','2020-03-24 20:19:17','0'),
('8430000','规格修改','mall:goodsspec:edit',NULL,'8400000',NULL,NULL,1,'0','1','2019-08-13 16:28:26','2020-03-24 20:19:17','0'),
('8500000','商品管理',NULL,'goods','8000000','el-icon-goods','Layout',3,'0','0','2019-08-21 09:09:37','2019-08-21 09:15:45','0'),
('8aae802c5e76c10fb00c342870aec822','砍价新增','mall:bargaininfo:add',NULL,'33f86fb25ecde4e2bc5ec0bdf9229e28',NULL,NULL,1,'0','1','2019-12-28 19:03:56','2020-03-24 20:19:17','0'),
('8bd8eabf33a6b8b56c04392063bade07','首页轮播图',NULL,'notice1','ae0619ea3e5b86a3e382081680785f7e','el-icon-picture','views/mall/noticeitem/index',10,'0','0','2019-11-10 19:06:26','2020-02-18 20:49:04','0'),
('92e0817e3f1f38b2f307a12dfb57f973','退款单修改','mall:orderrefunds:edit',NULL,'6e46351de075ab9febf8ee6ec17bdced',NULL,NULL,1,'0','1','2019-12-13 19:24:01','2020-03-24 20:19:17','0'),
('9758015e84ca9001f54651db3e215f22','微信群发消息列表','wxmp:wxmassmsg:index',NULL,'8180000',NULL,NULL,1,'0','1','2019-10-18 21:34:25','2020-03-24 20:19:17','0'),
('997766d975fecca2bbc6d87a1ffa33bc','领券记录列表','mall:couponuser:index',NULL,'6dcb14bf76e04a4f5345a1ec6bd7eacc',NULL,NULL,1,'0','1','2019-12-18 18:29:32','2020-03-24 20:19:17','0'),
('99de545b2709c749074253793b0b3579','砍价修改','mall:bargaininfo:edit',NULL,'33f86fb25ecde4e2bc5ec0bdf9229e28',NULL,NULL,1,'0','1','2019-12-28 19:04:18','2020-03-24 20:19:17','0'),
('9a41a7f503b9ee40f552b8c39d6860a4','通知详情','mall:noticeitem:get',NULL,'8bd8eabf33a6b8b56c04392063bade07',NULL,NULL,1,'0','1','2019-11-10 19:09:30','2020-03-24 20:19:17','0'),
('9de3c01d50199f569d58979adba94190','租户详情','sys:tenant:get',NULL,'e9c150621e6bcfd7f0cea479d2ab9236',NULL,NULL,1,'0','1','2019-10-12 20:34:40','2020-03-24 20:19:17','0'),
('a020c0eda490bc5acbbdab8aed5de286','商城订单修改','mall:orderinfo:edit',NULL,'70dbfd7911a393a3c50d1eef09a8708f',NULL,NULL,1,'0','1','2019-09-10 15:12:47','2020-03-24 20:19:17','0'),
('a18a3759214257e8ad00b4e8e250b097','运费模板删除','mall:freighttemplat:del',NULL,'e6a73489db9ef754101570b0e6d0d2e5',NULL,NULL,1,'0','1','2019-12-24 16:28:12','2020-03-24 20:19:17','0'),
('a1b97d911a253bbb7984d914423edab1','运费模板修改','mall:freighttemplat:edit',NULL,'e6a73489db9ef754101570b0e6d0d2e5',NULL,NULL,1,'0','1','2019-12-24 16:27:43','2020-03-24 20:19:17','0'),
('a1d5a717939198826962f7621f86f53d','商品评价新增','mall:goodsappraises:add',NULL,'c247293edbfc0ee004f413cb6ee654cd',NULL,NULL,1,'0','1','2019-09-25 20:30:58','2020-03-24 20:19:17','0'),
('a24da84b7de0787d578d5f60c3803d2f','公众号用户列表','wxmp:wxuser:index',NULL,'8120000',NULL,NULL,1,'0','1','2019-10-18 21:37:10','2020-03-24 20:19:17','0'),
('a263bd8cbe22bceab8ecd4f6e2b827b4','明细删除','mall:pointsrecord:del',NULL,'04c920605926e47982b7ede7fa5c3ec6',NULL,NULL,1,'0','1','2019-12-11 11:30:40','2020-03-24 20:19:17','0'),
('a96328161a39450238e8cafa243b7c35','小程序列表','','wxapp','ae0619ea3e5b86a3e382081680785f7e','el-icon-s-operation','views/wxma/wxapp/index',0,'0','0','2019-09-25 17:09:00','2020-02-18 18:16:24','0'),
('ae0619ea3e5b86a3e382081680785f7e','小程序管理',NULL,'wxma','1229675965086429186','el-icon-orange','Layout',10,'0','0','2019-09-25 14:25:17','2020-02-18 16:07:54','0'),
('b7fb7e7511057c292f4e7a567803e49c','用户列表','sys:user:index',NULL,'1100000',NULL,NULL,1,'0','1','2019-10-18 21:29:16','2020-03-24 20:19:17','0'),
('ba1273686386588c78b20b93fcb1779f','电子券制作',NULL,'couponinfo','d2d722dc5a535b918e8edc711e77d5c6','el-icon-s-open','views/mall/couponinfo/index',1,'0','0','2019-12-14 11:57:55','2020-02-15 22:30:54','0'),
('bec7e2f7cf4ad760bbe550fa05f7eec4','砍价查询','mall:bargaininfo:get',NULL,'33f86fb25ecde4e2bc5ec0bdf9229e28',NULL,NULL,1,'0','1','2019-12-28 19:03:36','2020-03-24 20:19:17','0'),
('bf99fd6d49b5db3a107848984daff0ba','商城订单新增','mall:orderinfo:add',NULL,'70dbfd7911a393a3c50d1eef09a8708f',NULL,NULL,1,'0','1','2019-09-10 15:12:13','2020-03-24 20:19:17','0'),
('c0ed022164dbf21954ef79dfb3d70ed3','素材新增','mall:material:add',NULL,'e2ab8932bc86ad98b917c22731205caa',NULL,NULL,1,'0','1','2019-10-26 19:35:23','2020-03-24 20:19:17','0'),
('c247293edbfc0ee004f413cb6ee654cd','商品评价','','goodsappraises','8500000','el-icon-s-open','views/mall/goodsappraises/index',3,'0','0','2019-09-25 20:27:30','2019-09-25 21:39:59','0'),
('c35e06fc6b2b474a14aff1d7a69aaef9','商城订单删除','mall:orderinfo:del',NULL,'70dbfd7911a393a3c50d1eef09a8708f',NULL,NULL,1,'0','1','2019-09-10 15:13:12','2020-03-24 20:19:17','0'),
('cb3e50350c8d982ee23474146281f7ed','砍价记录',NULL,'bargainuser','5b1483fcac1c14bcabc28b7e50f21921','el-icon-s-order','views/mall/bargainuser/index',2,'0','0','2020-01-03 19:49:23','2020-01-03 19:49:37','0'),
('d2d722dc5a535b918e8edc711e77d5c6','电子券管理',NULL,'coupon','8000000','el-icon-s-ticket','Layout',6,'0','0','2019-12-14 11:52:39','2019-12-14 11:53:56','0'),
('d56d79f193c43e90ef3bef5b1d19bee8','令牌列表','sys:token:index',NULL,'2600000',NULL,NULL,1,'0','1','2019-10-18 21:30:11','2020-03-24 20:19:17','0'),
('d9c8041c62c50f859b049e86357d1c41','日志列表','sys:log:index',NULL,'2100000',NULL,NULL,1,'0','1','2019-10-18 21:18:38','2020-03-24 20:19:17','0'),
('db95df20df51a46afa7935f38efb7360','会员信息',NULL,'userInfo','1342089211811028994','el-icon-user','views/mall/userinfo/index',10,'0','0','2019-12-10 20:57:03','2020-12-24 20:48:08','0'),
('e2ab8932bc86ad98b917c22731205caa','素材库',NULL,'material','f6cb055276971023060a341236237bb2','el-icon-s-platform','views/mall/material/index',30,'0','0','2019-10-26 19:33:45','2020-02-10 11:46:41','0'),
('e3a14107a9e90f90922f7053a379a719','FORM表单设计器',NULL,'https://form.avuejs.com/','f513f9e7cb53c16e5de982e12268b070','el-icon-s-management','https://form.avuejs.com/',1,'0','0','2019-11-05 18:18:12','2020-02-15 22:30:54','0'),
('e6a73489db9ef754101570b0e6d0d2e5','运费模板',NULL,'freighttemplat','f6cb055276971023060a341236237bb2','el-icon-s-promotion','views/mall/freighttemplat/index',1,'0','0','2019-12-24 16:22:03','2019-12-24 16:23:32','0'),
('e6ae905517592d8b3f30a0a5a1bfb65b','商品评价删除','mall:goodsappraises:del',NULL,'c247293edbfc0ee004f413cb6ee654cd',NULL,NULL,1,'0','1','2019-09-25 20:29:32','2020-03-24 20:19:17','0'),
('e9c150621e6bcfd7f0cea479d2ab9236','租户管理','','tenant','1000000','el-icon-s-grid','views/upms/tenant/index',1,'0','0','2019-10-12 20:33:27','2020-04-26 18:42:45','0'),
('eace6e697073de815152466b9c493c4d','素材详情','mall:material:get',NULL,'e2ab8932bc86ad98b917c22731205caa',NULL,NULL,1,'0','1','2019-10-26 19:36:25','2020-03-24 20:19:17','0'),
('ec18bd25c6ed99faaa7cc8190fa23db1','素材列表','wxmp:wxmaterial:index',NULL,'8130000',NULL,NULL,1,'0','1','2019-10-18 21:35:34','2020-03-24 20:19:17','0'),
('ec1b689468ac0eab23713ce41273ae4b','机构列表','sys:organ:index',NULL,'1400000',NULL,NULL,1,'0','1','2019-10-18 21:24:07','2020-03-24 20:19:17','0'),
('ec21dec4d5791af4e30c34f7d077f06d','运费模板新增','mall:freighttemplat:add',NULL,'e6a73489db9ef754101570b0e6d0d2e5',NULL,NULL,1,'0','1','2019-12-24 16:23:17','2020-03-24 20:19:17','0'),
('edcaca9d4cc487aefe2c0c043bb95c30','字典列表','sys:dict:index',NULL,'2200000',NULL,NULL,1,'0','1','2019-10-18 21:17:36','2020-03-24 20:19:17','0'),
('f277b11dd1a5bafe707e4694eb506899','通知删除','mall:noticeitem:del',NULL,'8bd8eabf33a6b8b56c04392063bade07',NULL,NULL,1,'0','1','2019-11-10 19:10:41','2020-03-24 20:19:17','0'),
('f4eae5341815bec413ef64e3e6524385','小程序配置删除','wxmp:wxapp:del',NULL,'a96328161a39450238e8cafa243b7c35',NULL,NULL,1,'0','1','2019-09-25 17:11:16','2020-03-24 20:19:17','0'),
('f513f9e7cb53c16e5de982e12268b070','代码生成',NULL,'develop','1227202152985784322','el-icon-s-marketing','Layout',4,'0','0','2019-11-05 18:12:32','2020-02-18 21:07:16','0'),
('f6cb055276971023060a341236237bb2','商城设置',NULL,'config','8000000','el-icon-s-tools','Layout',100,'0','0','2019-12-24 16:15:35','2020-02-15 22:30:54','0'),
('f9ef6fbe98f64ab0f0076d9d51a34f2e','积分设置','','pointsconfig','01e9e720e3eedce613a297dcdddb3d63','el-icon-s-operation','views/mall/pointsconfig/form',1,'0','0','2019-12-06 16:36:33','2019-12-06 16:38:55','0'),
('fda6b16ece50ede8a7a5bb16213753d0','电子券修改','mall:couponinfo:edit',NULL,'ba1273686386588c78b20b93fcb1779f',NULL,NULL,1,'0','1','2019-12-14 12:00:49','2020-03-24 20:19:17','0'),
('fe8074f23fa08934775bc7d06401fd3f','运费模板列表','mall:freighttemplat:index',NULL,'e6a73489db9ef754101570b0e6d0d2e5',NULL,NULL,1,'0','1','2019-12-24 16:26:39','2020-03-24 20:19:17','0'),
('fef4dfeeb78c4f299e0e6e1a43be3585','公众号列表','wxmp:wxapp:index',NULL,'8110000',NULL,NULL,1,'0','1','2019-10-18 21:31:53','2020-03-24 20:19:17','0');

/*Table structure for table `sys_oauth_client` */

DROP TABLE IF EXISTS `sys_oauth_client`;

CREATE TABLE `sys_oauth_client` (
  `id` varchar(32) CHARACTER SET utf8mb4 COLLATE utf8mb4_0900_ai_ci NOT NULL,
  `resource_ids` varchar(256) CHARACTER SET utf8mb4 COLLATE utf8mb4_0900_ai_ci DEFAULT NULL,
  `client_secret` varchar(64) CHARACTER SET utf8mb4 COLLATE utf8mb4_0900_ai_ci DEFAULT NULL COMMENT '密钥',
  `scope` varchar(64) CHARACTER SET utf8mb4 COLLATE utf8mb4_0900_ai_ci DEFAULT NULL COMMENT '域',
  `authorized_grant_types` varchar(100) CHARACTER SET utf8mb4 COLLATE utf8mb4_0900_ai_ci DEFAULT NULL COMMENT '授权模式',
  `web_server_redirect_uri` varchar(256) CHARACTER SET utf8mb4 COLLATE utf8mb4_0900_ai_ci DEFAULT NULL,
  `authorities` varchar(256) CHARACTER SET utf8mb4 COLLATE utf8mb4_0900_ai_ci DEFAULT NULL,
  `access_token_validity` int DEFAULT NULL,
  `refresh_token_validity` int DEFAULT NULL,
  `additional_information` varchar(256) CHARACTER SET utf8mb4 COLLATE utf8mb4_0900_ai_ci DEFAULT NULL,
  `autoapprove` char(10) CHARACTER SET utf8mb4 COLLATE utf8mb4_0900_ai_ci DEFAULT NULL,
  PRIMARY KEY (`id`) USING BTREE
) ENGINE=InnoDB DEFAULT CHARSET=utf8mb4 COLLATE=utf8mb4_0900_ai_ci ROW_FORMAT=DYNAMIC COMMENT='终端信息表';

/*Data for the table `sys_oauth_client` */

insert  into `sys_oauth_client`(`id`,`resource_ids`,`client_secret`,`scope`,`authorized_grant_types`,`web_server_redirect_uri`,`authorities`,`access_token_validity`,`refresh_token_validity`,`additional_information`,`autoapprove`) values 
('admin',NULL,'admin','server','password,refresh_token,authorization_code,client_credentials','',NULL,NULL,NULL,NULL,'true'),
('api','','api','server','client_credentials','','',NULL,NULL,'','true'),
('gen',NULL,'gen','server','password,refresh_token',NULL,NULL,NULL,NULL,NULL,'true'),
('swagger','','swagger','server','password,refresh_token','','',NULL,NULL,'','true'),
('weixin','','weixin','server','password,refresh_token','','',NULL,NULL,'','true');

/*Table structure for table `sys_organ` */

DROP TABLE IF EXISTS `sys_organ`;

CREATE TABLE `sys_organ` (
  `id` varchar(32) CHARACTER SET utf8 COLLATE utf8_general_ci NOT NULL,
  `create_time` timestamp NULL DEFAULT CURRENT_TIMESTAMP COMMENT '创建时间',
  `update_time` timestamp NULL DEFAULT NULL ON UPDATE CURRENT_TIMESTAMP COMMENT '修改时间',
  `parent_id` varchar(32) CHARACTER SET utf8 COLLATE utf8_general_ci DEFAULT NULL,
  `sort` int DEFAULT '1' COMMENT '排序',
  `type` char(2) CHARACTER SET utf8mb4 COLLATE utf8mb4_0900_ai_ci NOT NULL COMMENT '机构类型',
  `code` varchar(32) CHARACTER SET utf8mb4 COLLATE utf8mb4_0900_ai_ci NOT NULL COMMENT '机构编码',
  `name` varchar(50) CHARACTER SET utf8 COLLATE utf8_general_ci DEFAULT NULL COMMENT '机构名称',
  `phone` varchar(20) CHARACTER SET utf8mb4 COLLATE utf8mb4_0900_ai_ci DEFAULT NULL COMMENT '电话',
  `fax` varchar(32) CHARACTER SET utf8mb4 COLLATE utf8mb4_0900_ai_ci DEFAULT NULL COMMENT '传真',
  `email` varchar(32) CHARACTER SET utf8mb4 COLLATE utf8mb4_0900_ai_ci DEFAULT NULL COMMENT '邮箱',
  `address` varchar(500) CHARACTER SET utf8mb4 COLLATE utf8mb4_0900_ai_ci DEFAULT NULL COMMENT '地址',
  `remarks` varchar(255) CHARACTER SET utf8mb4 COLLATE utf8mb4_0900_ai_ci DEFAULT NULL COMMENT '备注',
  `del_flag` char(1) CHARACTER SET utf8 COLLATE utf8_general_ci DEFAULT '0' COMMENT '逻辑删除标记（0：显示；1：隐藏）',
  `tenant_id` varchar(32) CHARACTER SET utf8 COLLATE utf8_general_ci NOT NULL COMMENT '租户ID',
  `status` char(2) CHARACTER SET utf8mb4 COLLATE utf8mb4_0900_ai_ci DEFAULT NULL COMMENT '0:正常，9:冻结',
  PRIMARY KEY (`id`) USING BTREE,
  UNIQUE KEY `uk_tenant_id_code` (`code`,`tenant_id`) USING BTREE,
  KEY `ids_tenant_id` (`tenant_id`) USING BTREE
) ENGINE=InnoDB DEFAULT CHARSET=utf8mb4 COLLATE=utf8mb4_0900_ai_ci ROW_FORMAT=DYNAMIC COMMENT='机构管理';

/*Data for the table `sys_organ` */

insert  into `sys_organ`(`id`,`create_time`,`update_time`,`parent_id`,`sort`,`type`,`code`,`name`,`phone`,`fax`,`email`,`address`,`remarks`,`del_flag`,`tenant_id`,`status`) values 
('1','2018-01-22 19:00:23','2020-02-12 22:39:26','0',1,'1','10000','腾讯公司',NULL,NULL,NULL,NULL,NULL,'0','1','0'),
('1232901074731294721','2020-02-27 13:31:37',NULL,'4',4,'2','6656546','服务部','','','','',NULL,'0','1',NULL),
('2','2018-01-22 19:00:38','2020-02-27 21:38:46','0',2,'1','20000','阿里公司','18085555555','3453526','346246266','34623466',NULL,'0','2','0'),
('29a4609f543eb7a1b0f8b38ce01cc125','2019-12-15 17:28:18','2020-02-12 22:39:09','3',1,'2','ge235235','技术部','','','','',NULL,'0','1',NULL),
('3','2018-01-22 19:00:44','2020-02-12 22:39:09','1',0,'2','10001','腾讯部门一','188888888','556558444','156545588@qq.com','中国广东省深圳高南山区机械厂32号',NULL,'0','1',NULL),
('4','2018-01-22 19:00:52','2020-02-12 22:39:09','1',2,'2','10002','腾讯部门二',NULL,NULL,NULL,NULL,NULL,'0','1',NULL),
('7','2018-01-22 19:01:57','2020-02-27 21:38:48','2',1,'2','20001','阿里一公司',NULL,NULL,NULL,NULL,NULL,'0','2',NULL),
('8','2018-01-22 19:02:03','2020-02-27 21:38:51','2',2,'2','20002','阿里二公司',NULL,NULL,NULL,NULL,NULL,'0','2',NULL);

/*Table structure for table `sys_organ_relation` */

DROP TABLE IF EXISTS `sys_organ_relation`;

CREATE TABLE `sys_organ_relation` (
  `ancestor` varchar(32) CHARACTER SET latin1 COLLATE latin1_swedish_ci NOT NULL COMMENT '祖先节点',
  `descendant` varchar(32) CHARACTER SET latin1 COLLATE latin1_swedish_ci NOT NULL COMMENT '后代节点',
  `tenant_id` varchar(32) NOT NULL COMMENT '所属租户',
  PRIMARY KEY (`ancestor`,`descendant`) USING BTREE,
  KEY `idx1` (`ancestor`) USING BTREE,
  KEY `idx2` (`descendant`) USING BTREE
) ENGINE=InnoDB DEFAULT CHARSET=latin1 ROW_FORMAT=DYNAMIC COMMENT='机构关系表';

/*Data for the table `sys_organ_relation` */

insert  into `sys_organ_relation`(`ancestor`,`descendant`,`tenant_id`) values 
('1','1','1'),
('1','1232901074731294721','1'),
('1','29a4609f543eb7a1b0f8b38ce01cc125','1'),
('1','3','1'),
('1','4','1'),
('1232901074731294721','1232901074731294721','1'),
('2','2','2'),
('2','7','2'),
('2','8','2'),
('29a4609f543eb7a1b0f8b38ce01cc125','29a4609f543eb7a1b0f8b38ce01cc125','1'),
('3','29a4609f543eb7a1b0f8b38ce01cc125','1'),
('3','3','1'),
('4','1232901074731294721','1'),
('4','4','1'),
('7','7','2'),
('8','8','2');

/*Table structure for table `sys_role` */

DROP TABLE IF EXISTS `sys_role`;

CREATE TABLE `sys_role` (
  `id` varchar(32) CHARACTER SET utf8mb4 COLLATE utf8mb4_bin NOT NULL COMMENT 'PK',
  `role_name` varchar(64) CHARACTER SET utf8mb4 COLLATE utf8mb4_bin NOT NULL COMMENT '角色名',
  `role_code` varchar(64) CHARACTER SET utf8mb4 COLLATE utf8mb4_bin NOT NULL COMMENT '角色编码',
  `role_desc` varchar(255) CHARACTER SET utf8mb4 COLLATE utf8mb4_bin DEFAULT NULL COMMENT '角色描述',
  `ds_type` char(1) CHARACTER SET utf8mb4 COLLATE utf8mb4_bin NOT NULL DEFAULT '2' COMMENT '数据权限类型',
  `ds_scope` varchar(255) CHARACTER SET utf8mb4 COLLATE utf8mb4_bin DEFAULT NULL COMMENT '数据权限范围',
  `create_time` timestamp NOT NULL DEFAULT CURRENT_TIMESTAMP COMMENT '新增时间',
  `update_time` timestamp NULL DEFAULT NULL ON UPDATE CURRENT_TIMESTAMP COMMENT '修改时间',
  `del_flag` char(1) CHARACTER SET utf8mb4 COLLATE utf8mb4_bin DEFAULT '0' COMMENT '逻辑删除标记（0：显示；1：隐藏）',
  `tenant_id` varchar(32) CHARACTER SET utf8mb4 COLLATE utf8mb4_bin NOT NULL COMMENT '租户id',
  PRIMARY KEY (`id`) USING BTREE,
  UNIQUE KEY `role_idx1_role_code` (`role_code`,`tenant_id`) USING BTREE,
  KEY `ids_tenant_id` (`tenant_id`) USING BTREE
) ENGINE=InnoDB DEFAULT CHARSET=utf8mb4 COLLATE=utf8mb4_bin ROW_FORMAT=DYNAMIC COMMENT='系统角色表';

/*Data for the table `sys_role` */

insert  into `sys_role`(`id`,`role_name`,`role_code`,`role_desc`,`ds_type`,`ds_scope`,`create_time`,`update_time`,`del_flag`,`tenant_id`) values 
('1','管理员','ROLE_ADMIN','管理员','0','','2017-10-29 15:45:51','2019-07-27 12:06:49','0','1'),
('2','管理员','ROLE_ADMIN','管理员实例（自助注册会用到，请勿删除）','0',NULL,'2018-11-11 19:42:26','2019-07-27 12:29:43','0','2'),
('3','test','test','test','2','3,4','2019-03-30 17:44:20','2019-07-18 15:01:23','0','1');

/*Table structure for table `sys_role_menu` */

DROP TABLE IF EXISTS `sys_role_menu`;

CREATE TABLE `sys_role_menu` (
  `role_id` varchar(32) CHARACTER SET utf8 COLLATE utf8_general_ci NOT NULL COMMENT '角色ID',
  `menu_id` varchar(32) CHARACTER SET utf8 COLLATE utf8_general_ci NOT NULL COMMENT '菜单ID',
  `create_time` timestamp NULL DEFAULT CURRENT_TIMESTAMP COMMENT '创建时间',
  `tenant_id` varchar(32) NOT NULL COMMENT '所属租户',
  PRIMARY KEY (`role_id`,`menu_id`) USING BTREE
) ENGINE=InnoDB DEFAULT CHARSET=utf8mb3 ROW_FORMAT=DYNAMIC COMMENT='角色菜单表';

/*Data for the table `sys_role_menu` */

insert  into `sys_role_menu`(`role_id`,`menu_id`,`create_time`,`tenant_id`) values 
('1','01e9e720e3eedce613a297dcdddb3d63','2019-12-14 11:55:14','1'),
('1','04c920605926e47982b7ede7fa5c3ec6','2019-12-14 11:55:14','1'),
('1','0776fdb3afe857025aefeb6500f67fb6','2019-12-14 11:55:14','1'),
('1','088b9371d30c932f9ba555a457a165cb','2019-12-14 11:55:14','1'),
('1','097f4947ac78faf5074c357f5b1ee8f1','2019-12-14 11:55:14','1'),
('1','0d1cfcbd88e13d75ea9796d08b4964a0','2019-12-14 11:55:14','1'),
('1','1000000','2019-12-14 11:55:14','1'),
('1','10e7a8ca4da4f8cd9e36a375d7266f6a','2019-12-14 11:55:14','1'),
('1','1100000','2019-12-14 11:55:14','1'),
('1','1101000','2019-12-14 11:55:14','1'),
('1','1102000','2019-12-14 11:55:14','1'),
('1','1103000','2019-12-14 11:55:14','1'),
('1','1104000','2019-12-14 11:55:14','1'),
('1','1105000','2019-12-14 11:55:14','1'),
('1','1200000','2019-12-14 11:55:14','1'),
('1','1201000','2019-12-14 11:55:14','1'),
('1','1202000','2019-12-14 11:55:14','1'),
('1','1203000','2019-12-14 11:55:14','1'),
('1','1224306298712969218','2020-02-03 20:19:02','1'),
('1','1224306628599173121','2020-02-03 20:20:21','1'),
('1','1224307007944609794','2020-02-03 20:21:51','1'),
('1','1225254548244733953','2020-02-06 11:07:03','1'),
('1','1226513939979780098','2020-02-09 22:31:25','1'),
('1','1226514140274573313','2020-02-09 22:32:13','1'),
('1','1226514304217333762','2020-02-09 22:32:52','1'),
('1','1226514436212080641','2020-02-09 22:33:23','1'),
('1','1226514630622265346','2020-02-09 22:34:10','1'),
('1','1226514858779820034','2020-02-09 22:35:04','1'),
('1','1226525445274419201','2020-02-09 23:17:08','1'),
('1','1226525576396750849','2020-02-09 23:17:39','1'),
('1','1226525700103553025','2020-02-09 23:18:09','1'),
('1','1226525832920383490','2020-02-09 23:18:40','1'),
('1','1226525967616262146','2020-02-09 23:19:13','1'),
('1','1226526082179481602','2020-02-09 23:19:40','1'),
('1','1226759608866893825','2020-02-10 14:47:37','1'),
('1','1226759834914713601','2020-02-10 14:48:31','1'),
('1','1226760046232137729','2020-02-10 14:49:21','1'),
('1','1226762096135340033','2020-02-10 14:57:30','1'),
('1','1227202152985784322','2020-02-11 20:06:08','1'),
('1','1227202599968567298','2020-02-11 20:07:54','1'),
('1','1227203300044042241','2020-02-11 20:10:41','1'),
('1','1227524298689736706','2020-02-12 17:26:13','1'),
('1','1227524435889614850','2020-02-12 17:26:46','1'),
('1','1227568833306177537','2020-02-12 20:23:11','1'),
('1','1228676296659161089','2020-02-15 21:43:51','1'),
('1','1228676665992794113','2020-02-15 21:45:19','1'),
('1','1228676836369616897','2020-02-15 21:46:00','1'),
('1','1229322873778180098','2020-02-17 16:33:07','1'),
('1','1229323003373785090','2020-02-17 16:33:38','1'),
('1','1229675965086429186','2020-02-18 15:56:11','1'),
('1','1229750327311278082','2020-02-18 20:51:40','1'),
('1','1229750619910119425','2020-02-18 20:52:50','1'),
('1','1229750717675151362','2020-02-18 20:53:13','1'),
('1','1229750794644824065','2020-02-18 20:53:31','1'),
('1','1229750881777295362','2020-02-18 20:53:52','1'),
('1','1229750964161814530','2020-02-18 20:54:12','1'),
('1','1231205330852978690','2020-02-22 21:13:20','1'),
('1','1233957113861967874','2020-03-01 11:27:56','1'),
('1','1233957499251326978','2020-03-01 11:29:28','1'),
('1','1239766266052329473','2020-03-17 12:11:26','1'),
('1','1239766777090523137','2020-03-17 12:13:28','1'),
('1','1239766958087323650','2020-03-17 12:14:11','1'),
('1','1239767051196678145','2020-03-17 12:14:33','1'),
('1','1239767117328269313','2020-03-17 12:14:49','1'),
('1','1239767195036139522','2020-03-17 12:15:07','1'),
('1','1239767264883884034','2020-03-17 12:15:24','1'),
('1','1239767506106695682','2020-03-17 12:16:21','1'),
('1','1239767627204640770','2020-03-17 12:16:50','1'),
('1','1243832970918268930','2020-03-28 17:31:04','1'),
('1','1243833202171219970','2020-03-28 17:31:59','1'),
('1','1243869063717883905','2020-03-28 19:54:29','1'),
('1','1250724694023069698','2020-04-16 17:56:19','1'),
('1','1250724859953930242','2020-04-16 17:56:58','1'),
('1','1250725031559684098','2020-04-16 17:57:39','1'),
('1','1250725307804934146','2020-04-16 17:58:45','1'),
('1','1250725417255297025','2020-04-16 17:59:11','1'),
('1','1250725530589585409','2020-04-16 17:59:38','1'),
('1','1293360350588104706','2020-08-12 09:35:11','1'),
('1','1293360792097320962','2020-08-12 09:36:57','1'),
('1','1293360954580463618','2020-08-12 09:37:35','1'),
('1','1293361105973866497','2020-08-12 09:38:11','1'),
('1','1293361232570544129','2020-08-12 09:38:42','1'),
('1','1293361400409812994','2020-08-12 09:39:22','1'),
('1','1293361554047168513','2020-08-12 09:39:58','1'),
('1','1293383822223667201','2020-08-12 11:08:27','1'),
('1','1293384016864538626','2020-08-12 11:09:14','1'),
('1','1293384142387474433','2020-08-12 11:09:44','1'),
('1','1293384241469517825','2020-08-12 11:10:07','1'),
('1','1293384332062289922','2020-08-12 11:10:29','1'),
('1','1293384409782743041','2020-08-12 11:10:47','1'),
('1','129a20e268846e9f03e7c7317d34763a','2019-12-14 11:55:14','1'),
('1','1300000','2019-12-14 11:55:14','1'),
('1','1301000','2019-12-14 11:55:14','1'),
('1','1302000','2019-12-14 11:55:14','1'),
('1','1303000','2019-12-14 11:55:14','1'),
('1','1304000','2019-12-14 11:55:14','1'),
('1','1305000','2019-12-14 11:55:14','1'),
('1','1331123534564425730','2020-11-24 14:32:36','1'),
('1','1331123875771056130','2020-11-24 14:33:57','1'),
('1','1331124222807769090','2020-11-24 14:35:20','1'),
('1','1331124349102456833','2020-11-24 14:35:50','1'),
('1','1331124445831495681','2020-11-24 14:36:13','1'),
('1','1331124539226062849','2020-11-24 14:36:35','1'),
('1','1331124631018405890','2020-11-24 14:36:57','1'),
('1','1331127314508939265','2020-11-24 14:47:37','1'),
('1','1331127770438172674','2020-11-24 14:49:26','1'),
('1','1331127886733639681','2020-11-24 14:49:54','1'),
('1','1331127967310413825','2020-11-24 14:50:13','1'),
('1','1331128039997702145','2020-11-24 14:50:30','1'),
('1','1331128115079938050','2020-11-24 14:50:48','1'),
('1','1342074455276478465','2020-12-24 19:47:39','1'),
('1','1342074603792588801','2020-12-24 19:48:14','1'),
('1','1342089211811028994','2020-12-24 20:46:17','1'),
('1','1342093572213661698','2020-12-24 21:03:37','1'),
('1','1342093905342062593','2020-12-24 21:04:56','1'),
('1','1342112579171999746','2020-12-24 22:19:08','1'),
('1','1342112864309174273','2020-12-24 22:20:16','1'),
('1','1342368489077252098','2020-12-25 15:16:02','1'),
('1','1342368718203691010','2020-12-25 15:16:57','1'),
('1','1342369468602425345','2020-12-25 15:19:56','1'),
('1','1342369546528399362','2020-12-25 15:20:14','1'),
('1','1342369625242902530','2020-12-25 15:20:33','1'),
('1','1372090280218505217','2021-03-17 15:39:49','1'),
('1','1372090492391567361','2021-03-17 15:40:40','1'),
('1','1372101740151746561','2021-03-17 16:25:21','1'),
('1','1372101887707361282','2021-03-17 16:25:57','1'),
('1','1372102024953376769','2021-03-17 16:26:29','1'),
('1','1372102231694815234','2021-03-17 16:27:19','1'),
('1','1400000','2019-12-14 11:55:14','1'),
('1','1401000','2019-12-14 11:55:14','1'),
('1','1402000','2019-12-14 11:55:14','1'),
('1','1403000','2019-12-14 11:55:14','1'),
('1','1404000','2019-12-14 11:55:14','1'),
('1','1501764795530477570','2022-03-10 11:40:03','1'),
('1','1501764915156221954','2022-03-10 11:40:31','1'),
('1','1501765024115851265','2022-03-10 11:40:57','1'),
('1','1501765156685217793','2022-03-10 11:41:29','1'),
('1','1501765381776736257','2022-03-10 11:42:23','1'),
('1','1501851134011637761','2022-03-10 17:23:08','1'),
('1','1501851272989900802','2022-03-10 17:23:41','1'),
('1','1501851374773075970','2022-03-10 17:24:05','1'),
('1','1501851453114286081','2022-03-10 17:24:24','1'),
('1','158da8253a07848d3087e27742b90ecf','2019-12-14 11:55:14','1'),
('1','17e1ead2dacd1d312105b396b3517032','2019-12-28 19:04:39','1'),
('1','1803c5717dce433515683a91bb6d704b','2019-12-18 18:30:09','1'),
('1','1923c874226184c056658a742f295534','2019-12-14 11:55:14','1'),
('1','1a722cc14550813e4caeb5dee7bd5597','2019-12-14 12:01:13','1'),
('1','1ee60d42f423c8e0b1b0438ab69aaba4','2019-12-14 11:55:14','1'),
('1','2000000','2019-12-14 11:55:14','1'),
('1','2100000','2019-12-14 11:55:14','1'),
('1','2101000','2019-12-14 11:55:14','1'),
('1','2185077a9a1a8c4ed3ae2d892e17db1a','2019-12-14 11:55:14','1'),
('1','2200000','2019-12-14 11:55:14','1'),
('1','2201000','2019-12-14 11:55:14','1'),
('1','2202000','2019-12-14 11:55:14','1'),
('1','2203000','2019-12-14 11:55:14','1'),
('1','22dad641b94b70574166204f014e462d','2019-12-14 11:55:14','1'),
('1','2300000','2019-12-14 11:55:14','1'),
('1','2304aae6101ef1b56160e5cfe63b997a','2019-12-14 11:55:14','1'),
('1','2400000','2019-12-14 11:55:14','1'),
('1','2401000','2019-12-14 11:55:14','1'),
('1','2402000','2019-12-14 11:55:14','1'),
('1','2403000','2019-12-14 11:55:14','1'),
('1','241b84a3f3ae7876271634c094dee5cc','2019-12-14 11:55:14','1'),
('1','2600000','2019-12-14 11:55:14','1'),
('1','2601000','2019-12-14 11:55:14','1'),
('1','266d5676deeafd74df0febe6a45cc209','2019-12-14 11:55:14','1'),
('1','2700000','2019-12-14 11:55:14','1'),
('1','2a437bae8175be76cb075ea2888f412d','2019-12-14 11:55:14','1'),
('1','2b8fa95ebcb3111266ba38f833faf4db','2019-12-14 11:55:14','1'),
('1','2f5d0e7eda34754af13a3d3f519dce19','2019-12-14 11:55:14','1'),
('1','33f86fb25ecde4e2bc5ec0bdf9229e28','2019-12-28 19:06:53','1'),
('1','3412a37e6cdc2de99fd534b9327c6288','2019-12-14 11:55:14','1'),
('1','35c3726d4956967e108dd142f71f6627','2019-12-14 11:55:14','1'),
('1','39855c97d751071177ab9e88680b78aa','2019-12-14 11:55:14','1'),
('1','3d73a5a1971f8485850e387e00da4381','2019-12-14 11:55:14','1'),
('1','3fe13d13918b4386750fbc470cb74689','2019-12-14 11:55:14','1'),
('1','43886e8bc03aa4dbbd56b88bc7616b3f','2019-12-14 11:55:14','1'),
('1','4b382a3090885d2783f1f8a1c8e72da9','2019-12-14 12:00:05','1'),
('1','4d4ee31e793ab205bd1b0c0796ab464a','2019-12-14 11:55:14','1'),
('1','4e2f07380b3a3a3c83491b44becc87d1','2020-01-03 19:50:15','1'),
('1','56b7671766135eedb032de157694aecb','2019-12-14 11:55:14','1'),
('1','5905015167129a3fd2ac4440132f06e2','2019-12-14 11:55:14','1'),
('1','5a46087c7799d15b3f7dec6373459c18','2019-12-28 19:03:15','1'),
('1','5b1483fcac1c14bcabc28b7e50f21921','2019-12-28 18:59:37','1'),
('1','5b234a22036af9fcacaad011a3a5a207','2019-12-14 12:00:29','1'),
('1','5c4d7e01c344912ab0f55f4c951995f7','2019-12-14 11:55:14','1'),
('1','5d7eca401883fb565e5dfc7b855ed566','2019-12-14 11:55:14','1'),
('1','5f3b1faf8a0b5179bf32acd9759f2bfc','2019-12-14 11:55:14','1'),
('1','62165a91efcb202e65c55cde8a0ef62a','2019-12-14 11:55:14','1'),
('1','682cd9c287b1f8eddb5ffaa88711be49','2019-12-14 11:55:14','1'),
('1','6c717f6f1ddc913366e4ba902f84aecf','2019-12-14 11:55:14','1'),
('1','6ce1a6e397603915346dc39d2cf2cd8e','2019-12-14 11:55:14','1'),
('1','6dcb14bf76e04a4f5345a1ec6bd7eacc','2019-12-18 18:28:31','1'),
('1','6e46351de075ab9febf8ee6ec17bdced','2019-12-14 11:55:14','1'),
('1','70429f02ff42a948929190d7363cb8ae','2019-12-14 11:55:14','1'),
('1','70a667199c0b5af89a9aec25395de035','2019-12-14 11:59:33','1'),
('1','70dbfd7911a393a3c50d1eef09a8708f','2019-12-14 11:55:14','1'),
('1','71efc9c14c1c83dd30c826e82ea33eda','2019-12-14 11:55:14','1'),
('1','74008da0be270ec7c90d9b44d5336e24','2019-12-14 11:55:14','1'),
('1','7b507e991dc0d6364e9ede4a3e3c0f75','2019-12-14 11:55:14','1'),
('1','7b7dce33eb721f48c81c4c245345bf2d','2019-12-14 11:55:14','1'),
('1','7dcb5d797e46db0bfbc8a1bd2b2079b8','2019-12-14 11:55:14','1'),
('1','7f2e1c50777c7b3009fb44af37766a54','2019-12-14 11:55:14','1'),
('1','7f9dde9bc5f370716d2295302b78a5c1','2019-12-14 11:55:14','1'),
('1','8000000','2019-12-14 11:55:14','1'),
('1','8100000','2019-12-14 11:55:14','1'),
('1','8110000','2019-12-14 11:55:14','1'),
('1','8111000','2019-12-14 11:55:14','1'),
('1','8112000','2019-12-14 11:55:14','1'),
('1','8113000','2019-12-14 11:55:14','1'),
('1','8114000','2019-12-14 11:55:14','1'),
('1','8120000','2019-12-14 11:55:14','1'),
('1','8121000','2019-12-14 11:55:14','1'),
('1','8122000','2019-12-14 11:55:14','1'),
('1','8123000','2019-12-14 11:55:14','1'),
('1','8124000','2019-12-14 11:55:14','1'),
('1','8125000','2019-12-14 11:55:14','1'),
('1','8126000','2019-12-14 11:55:14','1'),
('1','8127000','2019-12-14 11:55:14','1'),
('1','8130000','2019-12-14 11:55:14','1'),
('1','8131000','2019-12-14 11:55:14','1'),
('1','8132000','2019-12-14 11:55:14','1'),
('1','8133000','2019-12-14 11:55:14','1'),
('1','8134000','2019-12-14 11:55:14','1'),
('1','8140000','2019-12-14 11:55:14','1'),
('1','8141000','2019-12-14 11:55:14','1'),
('1','8142000','2019-12-14 11:55:14','1'),
('1','8150000','2019-12-14 11:55:14','1'),
('1','8151000','2019-12-14 11:55:14','1'),
('1','8152000','2019-12-14 11:55:14','1'),
('1','8153000','2019-12-14 11:55:14','1'),
('1','8154000','2019-12-14 11:55:14','1'),
('1','8160000','2019-12-14 11:55:14','1'),
('1','8161000','2019-12-14 11:55:14','1'),
('1','8162000','2019-12-14 11:55:14','1'),
('1','8163000','2019-12-14 11:55:14','1'),
('1','8164000','2019-12-14 11:55:14','1'),
('1','8170000','2019-12-14 11:55:14','1'),
('1','8171000','2019-12-14 11:55:14','1'),
('1','8172000','2019-12-14 11:55:14','1'),
('1','8173000','2019-12-14 11:55:14','1'),
('1','8174000','2019-12-14 11:55:14','1'),
('1','8180000','2019-12-14 11:55:14','1'),
('1','8181000','2019-12-14 11:55:14','1'),
('1','8182000','2019-12-14 11:55:14','1'),
('1','8183000','2019-12-14 11:55:14','1'),
('1','8184000','2019-12-14 11:55:14','1'),
('1','8200000','2019-12-14 11:55:14','1'),
('1','8210000','2019-12-14 11:55:14','1'),
('1','8220000','2019-12-14 11:55:14','1'),
('1','8230000','2019-12-14 11:55:14','1'),
('1','8240000','2019-12-14 11:55:14','1'),
('1','82dcc2e0e8ca1c0f8bd4c424a5dda5c5','2019-12-14 11:55:14','1'),
('1','8300000','2019-12-14 11:55:14','1'),
('1','8310000','2019-12-14 11:55:14','1'),
('1','8320000','2019-12-14 11:55:14','1'),
('1','8330000','2019-12-14 11:55:14','1'),
('1','8340000','2019-12-14 11:55:14','1'),
('1','8398b906bfd903c55d3bab220d95d050','2019-12-24 16:27:16','1'),
('1','8400000','2019-12-14 11:55:14','1'),
('1','8410000','2019-12-14 11:55:14','1'),
('1','8420000','2019-12-14 11:55:14','1'),
('1','8430000','2019-12-14 11:55:14','1'),
('1','8500000','2019-12-14 11:55:14','1'),
('1','8aae802c5e76c10fb00c342870aec822','2019-12-28 19:03:56','1'),
('1','8bd8eabf33a6b8b56c04392063bade07','2019-12-14 11:55:14','1'),
('1','92e0817e3f1f38b2f307a12dfb57f973','2019-12-14 11:55:14','1'),
('1','9758015e84ca9001f54651db3e215f22','2019-12-14 11:55:14','1'),
('1','997766d975fecca2bbc6d87a1ffa33bc','2019-12-18 18:29:32','1'),
('1','99de545b2709c749074253793b0b3579','2019-12-28 19:04:18','1'),
('1','9a41a7f503b9ee40f552b8c39d6860a4','2019-12-14 11:55:14','1'),
('1','9de3c01d50199f569d58979adba94190','2019-12-14 11:55:14','1'),
('1','a020c0eda490bc5acbbdab8aed5de286','2019-12-14 11:55:14','1'),
('1','a18a3759214257e8ad00b4e8e250b097','2019-12-24 16:28:12','1'),
('1','a1b97d911a253bbb7984d914423edab1','2019-12-24 16:27:43','1'),
('1','a1d5a717939198826962f7621f86f53d','2019-12-14 11:55:14','1'),
('1','a24da84b7de0787d578d5f60c3803d2f','2019-12-14 11:55:14','1'),
('1','a263bd8cbe22bceab8ecd4f6e2b827b4','2019-12-14 11:55:14','1'),
('1','a96328161a39450238e8cafa243b7c35','2019-12-14 11:55:14','1'),
('1','ae0619ea3e5b86a3e382081680785f7e','2019-12-14 11:55:14','1'),
('1','b7fb7e7511057c292f4e7a567803e49c','2019-12-14 11:55:14','1'),
('1','ba1273686386588c78b20b93fcb1779f','2019-12-14 11:57:55','1'),
('1','bec7e2f7cf4ad760bbe550fa05f7eec4','2019-12-28 19:03:36','1'),
('1','bf99fd6d49b5db3a107848984daff0ba','2019-12-14 11:55:14','1'),
('1','c0ed022164dbf21954ef79dfb3d70ed3','2019-12-14 11:55:14','1'),
('1','c247293edbfc0ee004f413cb6ee654cd','2019-12-14 11:55:14','1'),
('1','c35e06fc6b2b474a14aff1d7a69aaef9','2019-12-14 11:55:14','1'),
('1','cb3e50350c8d982ee23474146281f7ed','2020-01-03 19:49:23','1'),
('1','d2d722dc5a535b918e8edc711e77d5c6','2019-12-14 11:55:14','1'),
('1','d56d79f193c43e90ef3bef5b1d19bee8','2019-12-14 11:55:14','1'),
('1','d9c8041c62c50f859b049e86357d1c41','2019-12-14 11:55:14','1'),
('1','db95df20df51a46afa7935f38efb7360','2019-12-14 11:55:14','1'),
('1','e2ab8932bc86ad98b917c22731205caa','2019-12-14 11:55:14','1'),
('1','e3a14107a9e90f90922f7053a379a719','2019-12-14 11:55:14','1'),
('1','e6a73489db9ef754101570b0e6d0d2e5','2019-12-24 16:22:03','1'),
('1','e6ae905517592d8b3f30a0a5a1bfb65b','2019-12-14 11:55:14','1'),
('1','e9c150621e6bcfd7f0cea479d2ab9236','2019-12-14 11:55:14','1'),
('1','eace6e697073de815152466b9c493c4d','2019-12-14 11:55:14','1'),
('1','ec18bd25c6ed99faaa7cc8190fa23db1','2019-12-14 11:55:14','1'),
('1','ec1b689468ac0eab23713ce41273ae4b','2019-12-14 11:55:14','1'),
('1','ec21dec4d5791af4e30c34f7d077f06d','2019-12-24 16:23:17','1'),
('1','edcaca9d4cc487aefe2c0c043bb95c30','2019-12-14 11:55:14','1'),
('1','f277b11dd1a5bafe707e4694eb506899','2019-12-14 11:55:14','1'),
('1','f4eae5341815bec413ef64e3e6524385','2019-12-14 11:55:14','1'),
('1','f513f9e7cb53c16e5de982e12268b070','2019-12-14 11:55:14','1'),
('1','f6cb055276971023060a341236237bb2','2019-12-24 16:15:35','1'),
('1','f9ef6fbe98f64ab0f0076d9d51a34f2e','2019-12-14 11:55:14','1'),
('1','fda6b16ece50ede8a7a5bb16213753d0','2019-12-14 12:00:49','1'),
('1','fe8074f23fa08934775bc7d06401fd3f','2019-12-24 16:26:39','1'),
('1','fef4dfeeb78c4f299e0e6e1a43be3585','2019-12-14 11:55:14','1'),
('2','01e9e720e3eedce613a297dcdddb3d63','2020-03-28 17:39:01','2'),
('2','04c920605926e47982b7ede7fa5c3ec6','2020-03-28 17:39:01','2'),
('2','0776fdb3afe857025aefeb6500f67fb6','2020-03-28 17:39:01','2'),
('2','088b9371d30c932f9ba555a457a165cb','2020-03-28 17:39:01','2'),
('2','097f4947ac78faf5074c357f5b1ee8f1','2020-03-28 17:39:01','2'),
('2','0d1cfcbd88e13d75ea9796d08b4964a0','2020-03-28 17:39:01','2'),
('2','1000000','2020-03-28 17:39:01','2'),
('2','10e7a8ca4da4f8cd9e36a375d7266f6a','2020-03-28 17:39:01','2'),
('2','1100000','2020-03-28 17:39:01','2'),
('2','1101000','2020-03-28 17:39:01','2'),
('2','1102000','2020-03-28 17:39:01','2'),
('2','1103000','2020-03-28 17:39:01','2'),
('2','1104000','2020-03-28 17:39:01','2'),
('2','1105000','2020-03-28 17:39:01','2'),
('2','1200000','2020-03-28 17:39:01','2'),
('2','1224306298712969218','2020-03-28 17:39:01','2'),
('2','1224306628599173121','2020-03-28 17:39:01','2'),
('2','1224307007944609794','2020-03-28 17:39:01','2'),
('2','1226513939979780098','2020-03-28 17:39:01','2'),
('2','1226514140274573313','2020-03-28 17:39:01','2'),
('2','1226514304217333762','2020-03-28 17:39:01','2'),
('2','1226514436212080641','2020-03-28 17:39:01','2'),
('2','1226514630622265346','2020-03-28 17:39:01','2'),
('2','1226514858779820034','2020-03-28 17:39:01','2'),
('2','1226525445274419201','2020-03-28 17:39:01','2'),
('2','1226525576396750849','2020-03-28 17:39:01','2'),
('2','1226525700103553025','2020-03-28 17:39:01','2'),
('2','1226525832920383490','2020-03-28 17:39:01','2'),
('2','1226525967616262146','2020-03-28 17:39:01','2'),
('2','1226526082179481602','2020-03-28 17:39:01','2'),
('2','1226759608866893825','2020-03-28 17:39:01','2'),
('2','1226759834914713601','2020-03-28 17:39:01','2'),
('2','1226760046232137729','2020-03-28 17:39:01','2'),
('2','1226762096135340033','2020-03-28 17:39:01','2'),
('2','1227202152985784322','2020-03-28 17:39:01','2'),
('2','1227202599968567298','2020-03-28 17:39:01','2'),
('2','1227203300044042241','2020-03-28 17:39:01','2'),
('2','1227524298689736706','2020-03-28 17:39:01','2'),
('2','1227524435889614850','2020-03-28 17:39:01','2'),
('2','1227568833306177537','2020-03-28 17:39:01','2'),
('2','1228676296659161089','2020-03-28 17:39:01','2'),
('2','1228676665992794113','2020-03-28 17:39:01','2'),
('2','1228676836369616897','2020-03-28 17:39:01','2'),
('2','1229322873778180098','2020-03-28 17:39:01','2'),
('2','1229323003373785090','2020-03-28 17:39:01','2'),
('2','1229675965086429186','2020-03-28 17:39:01','2'),
('2','1229750327311278082','2020-03-28 17:39:01','2'),
('2','1229750619910119425','2020-03-28 17:39:01','2'),
('2','1229750717675151362','2020-03-28 17:39:01','2'),
('2','1229750794644824065','2020-03-28 17:39:01','2'),
('2','1229750881777295362','2020-03-28 17:39:01','2'),
('2','1229750964161814530','2020-03-28 17:39:01','2'),
('2','1231205330852978690','2020-03-28 17:39:01','2'),
('2','1239766266052329473','2020-03-28 17:39:01','2'),
('2','1239766777090523137','2020-03-28 17:39:01','2'),
('2','1239766958087323650','2020-03-28 17:39:01','2'),
('2','1239767051196678145','2020-03-28 17:39:01','2'),
('2','1239767117328269313','2020-03-28 17:39:01','2'),
('2','1239767195036139522','2020-03-28 17:39:01','2'),
('2','1239767264883884034','2020-03-28 17:39:01','2'),
('2','1239767506106695682','2020-03-28 17:39:01','2'),
('2','1239767627204640770','2020-03-28 17:39:01','2'),
('2','1243832970918268930','2020-03-28 17:39:01','2'),
('2','1243833202171219970','2020-03-28 17:39:01','2'),
('2','129a20e268846e9f03e7c7317d34763a','2020-03-28 17:39:01','2'),
('2','1300000','2020-03-28 17:39:01','2'),
('2','1301000','2020-03-28 17:39:01','2'),
('2','1302000','2020-03-28 17:39:01','2'),
('2','1303000','2020-03-28 17:39:01','2'),
('2','1304000','2020-03-28 17:39:01','2'),
('2','1305000','2020-03-28 17:39:01','2'),
('2','1333655579517886465','2020-12-01 14:14:02','2'),
('2','1333656142418649090','2020-12-01 14:16:17','2'),
('2','1333656317673447425','2020-12-01 14:16:58','2'),
('2','1333656424242323457','2020-12-01 14:17:24','2'),
('2','1333656504374501377','2020-12-01 14:17:43','2'),
('2','1333656645940649985','2020-12-01 14:18:17','2'),
('2','1333656774424764418','2020-12-01 14:18:47','2'),
('2','1333990517710544898','2020-12-02 12:24:58','2'),
('2','1333990647738163202','2020-12-02 12:25:29','2'),
('2','1333990741157896193','2020-12-02 12:25:51','2'),
('2','1333990945781211137','2020-12-02 12:26:40','2'),
('2','1333991026555117570','2020-12-02 12:26:59','2'),
('2','1333991106171396098','2020-12-02 12:27:18','2'),
('2','1334008369679196162','2020-12-02 13:35:54','2'),
('2','1334008563766419457','2020-12-02 13:36:40','2'),
('2','1334008661275598850','2020-12-02 13:37:04','2'),
('2','1337996450811940866','2020-12-13 13:43:07','2'),
('2','1337997158873370626','2020-12-13 13:45:56','2'),
('2','1337997234198876162','2020-12-13 13:46:14','2'),
('2','1337997307662110722','2020-12-13 13:46:31','2'),
('2','1337997392881979393','2020-12-13 13:46:51','2'),
('2','1337997479859261442','2020-12-13 13:47:12','2'),
('2','1400000','2020-03-28 17:39:01','2'),
('2','1401000','2020-03-28 17:39:01','2'),
('2','1402000','2020-03-28 17:39:01','2'),
('2','1403000','2020-03-28 17:39:01','2'),
('2','1404000','2020-03-28 17:39:01','2'),
('2','158da8253a07848d3087e27742b90ecf','2020-03-28 17:39:01','2'),
('2','17e1ead2dacd1d312105b396b3517032','2020-03-28 17:39:01','2'),
('2','1803c5717dce433515683a91bb6d704b','2020-03-28 17:39:01','2'),
('2','1923c874226184c056658a742f295534','2020-03-28 17:39:01','2'),
('2','1a722cc14550813e4caeb5dee7bd5597','2020-03-28 17:39:01','2'),
('2','1ee60d42f423c8e0b1b0438ab69aaba4','2020-03-28 17:39:01','2'),
('2','2000000','2020-03-28 17:39:01','2'),
('2','2100000','2020-03-28 17:39:01','2'),
('2','2101000','2020-03-28 17:39:01','2'),
('2','2200000','2020-03-28 17:39:01','2'),
('2','22dad641b94b70574166204f014e462d','2020-03-28 17:39:01','2'),
('2','2300000','2020-03-28 17:39:01','2'),
('2','2400000','2020-03-28 17:39:01','2'),
('2','241b84a3f3ae7876271634c094dee5cc','2020-03-28 17:39:01','2'),
('2','2600000','2020-03-28 17:39:01','2'),
('2','2601000','2020-03-28 17:39:01','2'),
('2','2700000','2020-03-28 17:39:01','2'),
('2','2a437bae8175be76cb075ea2888f412d','2020-03-28 17:39:01','2'),
('2','2f5d0e7eda34754af13a3d3f519dce19','2020-03-28 17:39:01','2'),
('2','33f86fb25ecde4e2bc5ec0bdf9229e28','2020-03-28 17:39:01','2'),
('2','3412a37e6cdc2de99fd534b9327c6288','2020-03-28 17:39:01','2'),
('2','35c3726d4956967e108dd142f71f6627','2020-03-28 17:39:01','2'),
('2','39855c97d751071177ab9e88680b78aa','2020-03-28 17:39:01','2'),
('2','3d73a5a1971f8485850e387e00da4381','2020-03-28 17:39:01','2'),
('2','3fe13d13918b4386750fbc470cb74689','2020-03-28 17:39:01','2'),
('2','43886e8bc03aa4dbbd56b88bc7616b3f','2020-03-28 17:39:01','2'),
('2','4b382a3090885d2783f1f8a1c8e72da9','2020-03-28 17:39:01','2'),
('2','4d4ee31e793ab205bd1b0c0796ab464a','2020-03-28 17:39:01','2'),
('2','4e2f07380b3a3a3c83491b44becc87d1','2020-03-28 17:39:01','2'),
('2','56b7671766135eedb032de157694aecb','2020-03-28 17:39:01','2'),
('2','5905015167129a3fd2ac4440132f06e2','2020-03-28 17:39:01','2'),
('2','5a46087c7799d15b3f7dec6373459c18','2020-03-28 17:39:01','2'),
('2','5b1483fcac1c14bcabc28b7e50f21921','2020-03-28 17:39:01','2'),
('2','5b234a22036af9fcacaad011a3a5a207','2020-03-28 17:39:01','2'),
('2','5c4d7e01c344912ab0f55f4c951995f7','2020-03-28 17:39:01','2'),
('2','5d7eca401883fb565e5dfc7b855ed566','2020-03-28 17:39:01','2'),
('2','5f3b1faf8a0b5179bf32acd9759f2bfc','2020-03-28 17:39:01','2'),
('2','62165a91efcb202e65c55cde8a0ef62a','2020-03-28 17:39:01','2'),
('2','682cd9c287b1f8eddb5ffaa88711be49','2020-03-28 17:39:01','2'),
('2','6c717f6f1ddc913366e4ba902f84aecf','2020-03-28 17:39:01','2'),
('2','6ce1a6e397603915346dc39d2cf2cd8e','2020-03-28 17:39:01','2'),
('2','6dcb14bf76e04a4f5345a1ec6bd7eacc','2020-03-28 17:39:01','2'),
('2','6e46351de075ab9febf8ee6ec17bdced','2020-03-28 17:39:01','2'),
('2','70429f02ff42a948929190d7363cb8ae','2020-03-28 17:39:01','2'),
('2','70a667199c0b5af89a9aec25395de035','2020-03-28 17:39:01','2'),
('2','70dbfd7911a393a3c50d1eef09a8708f','2020-03-28 17:39:01','2'),
('2','71efc9c14c1c83dd30c826e82ea33eda','2020-03-28 17:39:01','2'),
('2','74008da0be270ec7c90d9b44d5336e24','2020-03-28 17:39:01','2'),
('2','7b507e991dc0d6364e9ede4a3e3c0f75','2020-03-28 17:39:01','2'),
('2','7b7dce33eb721f48c81c4c245345bf2d','2020-03-28 17:39:01','2'),
('2','7dcb5d797e46db0bfbc8a1bd2b2079b8','2020-03-28 17:39:01','2'),
('2','7f2e1c50777c7b3009fb44af37766a54','2020-03-28 17:39:01','2'),
('2','7f9dde9bc5f370716d2295302b78a5c1','2020-03-28 17:39:01','2'),
('2','8000000','2020-03-28 17:39:01','2'),
('2','8100000','2020-03-28 17:39:01','2'),
('2','8110000','2020-03-28 17:39:01','2'),
('2','8111000','2020-03-28 17:39:01','2'),
('2','8112000','2020-03-28 17:39:01','2'),
('2','8113000','2020-03-28 17:39:01','2'),
('2','8114000','2020-03-28 17:39:01','2'),
('2','8120000','2020-03-28 17:39:01','2'),
('2','8121000','2020-03-28 17:39:01','2'),
('2','8122000','2020-03-28 17:39:01','2'),
('2','8123000','2020-03-28 17:39:01','2'),
('2','8124000','2020-03-28 17:39:01','2'),
('2','8125000','2020-03-28 17:39:01','2'),
('2','8126000','2020-03-28 17:39:01','2'),
('2','8127000','2020-03-28 17:39:01','2'),
('2','8130000','2020-03-28 17:39:01','2'),
('2','8131000','2020-03-28 17:39:01','2'),
('2','8132000','2020-03-28 17:39:01','2'),
('2','8133000','2020-03-28 17:39:01','2'),
('2','8134000','2020-03-28 17:39:01','2'),
('2','8140000','2020-03-28 17:39:01','2'),
('2','8141000','2020-03-28 17:39:01','2'),
('2','8142000','2020-03-28 17:39:01','2'),
('2','8150000','2020-03-28 17:39:01','2'),
('2','8151000','2020-03-28 17:39:01','2'),
('2','8152000','2020-03-28 17:39:01','2'),
('2','8153000','2020-03-28 17:39:01','2'),
('2','8154000','2020-03-28 17:39:01','2'),
('2','8160000','2020-03-28 17:39:01','2'),
('2','8161000','2020-03-28 17:39:01','2'),
('2','8162000','2020-03-28 17:39:01','2'),
('2','8163000','2020-03-28 17:39:01','2'),
('2','8164000','2020-03-28 17:39:01','2'),
('2','8170000','2020-03-28 17:39:01','2'),
('2','8171000','2020-03-28 17:39:01','2'),
('2','8172000','2020-03-28 17:39:01','2'),
('2','8173000','2020-03-28 17:39:01','2'),
('2','8174000','2020-03-28 17:39:01','2'),
('2','8180000','2020-03-28 17:39:01','2'),
('2','8181000','2020-03-28 17:39:01','2'),
('2','8182000','2020-03-28 17:39:01','2'),
('2','8183000','2020-03-28 17:39:01','2'),
('2','8184000','2020-03-28 17:39:01','2'),
('2','8200000','2020-03-28 17:39:01','2'),
('2','8210000','2020-03-28 17:39:01','2'),
('2','8220000','2020-03-28 17:39:01','2'),
('2','8230000','2020-03-28 17:39:01','2'),
('2','8240000','2020-03-28 17:39:01','2'),
('2','82dcc2e0e8ca1c0f8bd4c424a5dda5c5','2020-03-28 17:39:01','2'),
('2','8300000','2020-03-28 17:39:01','2'),
('2','8310000','2020-03-28 17:39:01','2'),
('2','8320000','2020-03-28 17:39:01','2'),
('2','8330000','2020-03-28 17:39:01','2'),
('2','8340000','2020-03-28 17:39:01','2'),
('2','8398b906bfd903c55d3bab220d95d050','2020-03-28 17:39:01','2'),
('2','8400000','2020-03-28 17:39:01','2'),
('2','8410000','2020-03-28 17:39:01','2'),
('2','8420000','2020-03-28 17:39:01','2'),
('2','8430000','2020-03-28 17:39:01','2'),
('2','8500000','2020-03-28 17:39:01','2'),
('2','8aae802c5e76c10fb00c342870aec822','2020-03-28 17:39:01','2'),
('2','8bd8eabf33a6b8b56c04392063bade07','2020-03-28 17:39:01','2'),
('2','92e0817e3f1f38b2f307a12dfb57f973','2020-03-28 17:39:01','2'),
('2','9758015e84ca9001f54651db3e215f22','2020-03-28 17:39:01','2'),
('2','997766d975fecca2bbc6d87a1ffa33bc','2020-03-28 17:39:01','2'),
('2','99de545b2709c749074253793b0b3579','2020-03-28 17:39:01','2'),
('2','9a41a7f503b9ee40f552b8c39d6860a4','2020-03-28 17:39:01','2'),
('2','a020c0eda490bc5acbbdab8aed5de286','2020-03-28 17:39:01','2'),
('2','a18a3759214257e8ad00b4e8e250b097','2020-03-28 17:39:01','2'),
('2','a1b97d911a253bbb7984d914423edab1','2020-03-28 17:39:01','2'),
('2','a1d5a717939198826962f7621f86f53d','2020-03-28 17:39:01','2'),
('2','a24da84b7de0787d578d5f60c3803d2f','2020-03-28 17:39:01','2'),
('2','a263bd8cbe22bceab8ecd4f6e2b827b4','2020-03-28 17:39:01','2'),
('2','a96328161a39450238e8cafa243b7c35','2020-03-28 17:39:01','2'),
('2','ae0619ea3e5b86a3e382081680785f7e','2020-03-28 17:39:01','2'),
('2','b7fb7e7511057c292f4e7a567803e49c','2020-03-28 17:39:01','2'),
('2','ba1273686386588c78b20b93fcb1779f','2020-03-28 17:39:01','2'),
('2','bec7e2f7cf4ad760bbe550fa05f7eec4','2020-03-28 17:39:01','2'),
('2','bf99fd6d49b5db3a107848984daff0ba','2020-03-28 17:39:01','2'),
('2','c0ed022164dbf21954ef79dfb3d70ed3','2020-03-28 17:39:01','2'),
('2','c247293edbfc0ee004f413cb6ee654cd','2020-03-28 17:39:01','2'),
('2','c35e06fc6b2b474a14aff1d7a69aaef9','2020-03-28 17:39:01','2'),
('2','cb3e50350c8d982ee23474146281f7ed','2020-03-28 17:39:01','2'),
('2','d2d722dc5a535b918e8edc711e77d5c6','2020-03-28 17:39:01','2'),
('2','d56d79f193c43e90ef3bef5b1d19bee8','2020-03-28 17:39:01','2'),
('2','d9c8041c62c50f859b049e86357d1c41','2020-03-28 17:39:01','2'),
('2','db95df20df51a46afa7935f38efb7360','2020-03-28 17:39:01','2'),
('2','e2ab8932bc86ad98b917c22731205caa','2020-03-28 17:39:01','2'),
('2','e3a14107a9e90f90922f7053a379a719','2020-03-28 17:39:01','2'),
('2','e6a73489db9ef754101570b0e6d0d2e5','2020-03-28 17:39:01','2'),
('2','e6ae905517592d8b3f30a0a5a1bfb65b','2020-03-28 17:39:01','2'),
('2','eace6e697073de815152466b9c493c4d','2020-03-28 17:39:01','2'),
('2','ec18bd25c6ed99faaa7cc8190fa23db1','2020-03-28 17:39:01','2'),
('2','ec1b689468ac0eab23713ce41273ae4b','2020-03-28 17:39:01','2'),
('2','ec21dec4d5791af4e30c34f7d077f06d','2020-03-28 17:39:01','2'),
('2','edcaca9d4cc487aefe2c0c043bb95c30','2020-03-28 17:39:01','2'),
('2','f277b11dd1a5bafe707e4694eb506899','2020-03-28 17:39:01','2'),
('2','f4eae5341815bec413ef64e3e6524385','2020-03-28 17:39:01','2'),
('2','f513f9e7cb53c16e5de982e12268b070','2020-03-28 17:39:01','2'),
('2','f6cb055276971023060a341236237bb2','2020-03-28 17:39:01','2'),
('2','f9ef6fbe98f64ab0f0076d9d51a34f2e','2020-03-28 17:39:01','2'),
('2','fda6b16ece50ede8a7a5bb16213753d0','2020-03-28 17:39:01','2'),
('2','fe8074f23fa08934775bc7d06401fd3f','2020-03-28 17:39:01','2'),
('2','fef4dfeeb78c4f299e0e6e1a43be3585','2020-03-28 17:39:01','2'),
('3','01e9e720e3eedce613a297dcdddb3d63','2020-04-10 21:55:24','1'),
('3','04c920605926e47982b7ede7fa5c3ec6','2020-04-10 21:55:24','1'),
('3','0776fdb3afe857025aefeb6500f67fb6','2020-04-10 21:55:24','1'),
('3','088b9371d30c932f9ba555a457a165cb','2020-04-10 21:55:24','1'),
('3','097f4947ac78faf5074c357f5b1ee8f1','2020-04-10 21:55:24','1'),
('3','0d1cfcbd88e13d75ea9796d08b4964a0','2020-04-10 21:55:24','1'),
('3','1000000','2020-04-10 21:55:24','1'),
('3','10e7a8ca4da4f8cd9e36a375d7266f6a','2020-04-10 21:55:24','1'),
('3','1100000','2020-04-10 21:55:24','1'),
('3','1101000','2020-04-10 21:55:24','1'),
('3','1102000','2020-04-10 21:55:24','1'),
('3','1103000','2020-04-10 21:55:24','1'),
('3','1104000','2020-04-10 21:55:24','1'),
('3','1105000','2020-04-10 21:55:24','1'),
('3','1200000','2020-04-10 21:55:24','1'),
('3','1201000','2020-04-10 21:55:24','1'),
('3','1202000','2020-04-10 21:55:24','1'),
('3','1203000','2020-04-10 21:55:24','1'),
('3','1224306298712969218','2020-04-10 21:55:24','1'),
('3','1224306628599173121','2020-04-10 21:55:24','1'),
('3','1224307007944609794','2020-04-10 21:55:24','1'),
('3','1225254548244733953','2020-04-10 21:55:24','1'),
('3','1226513939979780098','2020-04-10 21:55:24','1'),
('3','1226514140274573313','2020-04-10 21:55:24','1'),
('3','1226514304217333762','2020-04-10 21:55:24','1'),
('3','1226514436212080641','2020-04-10 21:55:24','1'),
('3','1226514630622265346','2020-04-10 21:55:24','1'),
('3','1226514858779820034','2020-04-10 21:55:24','1'),
('3','1226525445274419201','2020-04-10 21:55:24','1'),
('3','1226525576396750849','2020-04-10 21:55:24','1'),
('3','1226525700103553025','2020-04-10 21:55:24','1'),
('3','1226525832920383490','2020-04-10 21:55:24','1'),
('3','1226525967616262146','2020-04-10 21:55:24','1'),
('3','1226526082179481602','2020-04-10 21:55:24','1'),
('3','1226759608866893825','2020-04-10 21:55:24','1'),
('3','1226759834914713601','2020-04-10 21:55:24','1'),
('3','1226760046232137729','2020-04-10 21:55:24','1'),
('3','1226762096135340033','2020-04-10 21:55:24','1'),
('3','1227202152985784322','2020-04-10 21:55:24','1'),
('3','1227202599968567298','2020-04-10 21:55:24','1'),
('3','1227203300044042241','2020-04-10 21:55:24','1'),
('3','1227524298689736706','2020-04-10 21:55:24','1'),
('3','1227524435889614850','2020-04-10 21:55:24','1'),
('3','1227568833306177537','2020-04-10 21:55:24','1'),
('3','1228676296659161089','2020-04-10 21:55:24','1'),
('3','1228676665992794113','2020-04-10 21:55:24','1'),
('3','1228676836369616897','2020-04-10 21:55:24','1'),
('3','1229322873778180098','2020-04-10 21:55:24','1'),
('3','1229323003373785090','2020-04-10 21:55:24','1'),
('3','1229675965086429186','2020-04-10 21:55:24','1'),
('3','1229750327311278082','2020-04-10 21:55:24','1'),
('3','1229750619910119425','2020-04-10 21:55:24','1'),
('3','1229750717675151362','2020-04-10 21:55:24','1'),
('3','1229750794644824065','2020-04-10 21:55:24','1'),
('3','1229750881777295362','2020-04-10 21:55:24','1'),
('3','1229750964161814530','2020-04-10 21:55:24','1'),
('3','1231205330852978690','2020-04-10 21:55:24','1'),
('3','1233957113861967874','2020-04-10 21:55:24','1'),
('3','1233957499251326978','2020-04-10 21:55:24','1'),
('3','1239766266052329473','2020-04-10 21:55:24','1'),
('3','1239766777090523137','2020-04-10 21:55:24','1'),
('3','1239766958087323650','2020-04-10 21:55:24','1'),
('3','1239767051196678145','2020-04-10 21:55:24','1'),
('3','1239767117328269313','2020-04-10 21:55:24','1'),
('3','1239767195036139522','2020-04-10 21:55:24','1'),
('3','1239767264883884034','2020-04-10 21:55:24','1'),
('3','1239767506106695682','2020-04-10 21:55:24','1'),
('3','1239767627204640770','2020-04-10 21:55:24','1'),
('3','1243832970918268930','2020-04-10 21:55:24','1'),
('3','1243833202171219970','2020-04-10 21:55:24','1'),
('3','1243869063717883905','2020-04-10 21:55:24','1'),
('3','129a20e268846e9f03e7c7317d34763a','2020-04-10 21:55:24','1'),
('3','1300000','2020-04-10 21:55:24','1'),
('3','1301000','2020-04-10 21:55:24','1'),
('3','1302000','2020-04-10 21:55:24','1'),
('3','1303000','2020-04-10 21:55:24','1'),
('3','1304000','2020-04-10 21:55:24','1'),
('3','1305000','2020-04-10 21:55:24','1'),
('3','1400000','2020-04-10 21:55:24','1'),
('3','1401000','2020-04-10 21:55:24','1'),
('3','1402000','2020-04-10 21:55:24','1'),
('3','1403000','2020-04-10 21:55:24','1'),
('3','1404000','2020-04-10 21:55:24','1'),
('3','158da8253a07848d3087e27742b90ecf','2020-04-10 21:55:24','1'),
('3','17e1ead2dacd1d312105b396b3517032','2020-04-10 21:55:24','1'),
('3','1803c5717dce433515683a91bb6d704b','2020-04-10 21:55:24','1'),
('3','1923c874226184c056658a742f295534','2020-04-10 21:55:24','1'),
('3','1a722cc14550813e4caeb5dee7bd5597','2020-04-10 21:55:24','1'),
('3','1ee60d42f423c8e0b1b0438ab69aaba4','2020-04-10 21:55:24','1'),
('3','2000000','2020-04-10 21:55:24','1'),
('3','2100000','2020-04-10 21:55:24','1'),
('3','2101000','2020-04-10 21:55:24','1'),
('3','2185077a9a1a8c4ed3ae2d892e17db1a','2020-04-10 21:55:24','1'),
('3','2200000','2020-04-10 21:55:24','1'),
('3','2201000','2020-04-10 21:55:24','1'),
('3','2202000','2020-04-10 21:55:24','1'),
('3','2203000','2020-04-10 21:55:24','1'),
('3','22dad641b94b70574166204f014e462d','2020-04-10 21:55:24','1'),
('3','2300000','2020-04-10 21:55:24','1'),
('3','2304aae6101ef1b56160e5cfe63b997a','2020-04-10 21:55:24','1'),
('3','2400000','2020-04-10 21:55:24','1'),
('3','2401000','2020-04-10 21:55:24','1'),
('3','2402000','2020-04-10 21:55:24','1'),
('3','2403000','2020-04-10 21:55:24','1'),
('3','241b84a3f3ae7876271634c094dee5cc','2020-04-10 21:55:24','1'),
('3','2600000','2020-04-10 21:55:24','1'),
('3','2601000','2020-04-10 21:55:24','1'),
('3','266d5676deeafd74df0febe6a45cc209','2020-04-10 21:55:24','1'),
('3','2700000','2020-04-10 21:55:24','1'),
('3','2a437bae8175be76cb075ea2888f412d','2020-04-10 21:55:24','1'),
('3','2b8fa95ebcb3111266ba38f833faf4db','2020-04-10 21:55:24','1'),
('3','2f5d0e7eda34754af13a3d3f519dce19','2020-04-10 21:55:24','1'),
('3','33f86fb25ecde4e2bc5ec0bdf9229e28','2020-04-10 21:55:24','1'),
('3','3412a37e6cdc2de99fd534b9327c6288','2020-04-10 21:55:24','1'),
('3','35c3726d4956967e108dd142f71f6627','2020-04-10 21:55:24','1'),
('3','39855c97d751071177ab9e88680b78aa','2020-04-10 21:55:24','1'),
('3','3d73a5a1971f8485850e387e00da4381','2020-04-10 21:55:24','1'),
('3','3fe13d13918b4386750fbc470cb74689','2020-04-10 21:55:24','1'),
('3','43886e8bc03aa4dbbd56b88bc7616b3f','2020-04-10 21:55:24','1'),
('3','4b382a3090885d2783f1f8a1c8e72da9','2020-04-10 21:55:24','1'),
('3','4d4ee31e793ab205bd1b0c0796ab464a','2020-04-10 21:55:24','1'),
('3','4e2f07380b3a3a3c83491b44becc87d1','2020-04-10 21:55:24','1'),
('3','56b7671766135eedb032de157694aecb','2020-04-10 21:55:24','1'),
('3','5905015167129a3fd2ac4440132f06e2','2020-04-10 21:55:24','1'),
('3','5a46087c7799d15b3f7dec6373459c18','2020-04-10 21:55:24','1'),
('3','5b1483fcac1c14bcabc28b7e50f21921','2020-04-10 21:55:24','1'),
('3','5b234a22036af9fcacaad011a3a5a207','2020-04-10 21:55:24','1'),
('3','5c4d7e01c344912ab0f55f4c951995f7','2020-04-10 21:55:24','1'),
('3','5d7eca401883fb565e5dfc7b855ed566','2020-04-10 21:55:24','1'),
('3','5f3b1faf8a0b5179bf32acd9759f2bfc','2020-04-10 21:55:24','1'),
('3','62165a91efcb202e65c55cde8a0ef62a','2020-04-10 21:55:24','1'),
('3','682cd9c287b1f8eddb5ffaa88711be49','2020-04-10 21:55:24','1'),
('3','6c717f6f1ddc913366e4ba902f84aecf','2020-04-10 21:55:24','1'),
('3','6ce1a6e397603915346dc39d2cf2cd8e','2020-04-10 21:55:24','1'),
('3','6dcb14bf76e04a4f5345a1ec6bd7eacc','2020-04-10 21:55:24','1'),
('3','6e46351de075ab9febf8ee6ec17bdced','2020-04-10 21:55:24','1'),
('3','70429f02ff42a948929190d7363cb8ae','2020-04-10 21:55:24','1'),
('3','70a667199c0b5af89a9aec25395de035','2020-04-10 21:55:24','1'),
('3','70dbfd7911a393a3c50d1eef09a8708f','2020-04-10 21:55:24','1'),
('3','71efc9c14c1c83dd30c826e82ea33eda','2020-04-10 21:55:24','1'),
('3','74008da0be270ec7c90d9b44d5336e24','2020-04-10 21:55:24','1'),
('3','7b507e991dc0d6364e9ede4a3e3c0f75','2020-04-10 21:55:24','1'),
('3','7b7dce33eb721f48c81c4c245345bf2d','2020-04-10 21:55:24','1'),
('3','7dcb5d797e46db0bfbc8a1bd2b2079b8','2020-04-10 21:55:24','1'),
('3','7f2e1c50777c7b3009fb44af37766a54','2020-04-10 21:55:24','1'),
('3','7f9dde9bc5f370716d2295302b78a5c1','2020-04-10 21:55:24','1'),
('3','8000000','2020-04-10 21:55:24','1'),
('3','8100000','2020-04-10 21:55:24','1'),
('3','8110000','2020-04-10 21:55:24','1'),
('3','8111000','2020-04-10 21:55:24','1'),
('3','8112000','2020-04-10 21:55:24','1'),
('3','8113000','2020-04-10 21:55:24','1'),
('3','8114000','2020-04-10 21:55:24','1'),
('3','8120000','2020-04-10 21:55:24','1'),
('3','8121000','2020-04-10 21:55:24','1'),
('3','8122000','2020-04-10 21:55:24','1'),
('3','8123000','2020-04-10 21:55:24','1'),
('3','8124000','2020-04-10 21:55:24','1'),
('3','8125000','2020-04-10 21:55:24','1'),
('3','8126000','2020-04-10 21:55:24','1'),
('3','8127000','2020-04-10 21:55:24','1'),
('3','8130000','2020-04-10 21:55:24','1'),
('3','8131000','2020-04-10 21:55:24','1'),
('3','8132000','2020-04-10 21:55:24','1'),
('3','8133000','2020-04-10 21:55:24','1'),
('3','8134000','2020-04-10 21:55:24','1'),
('3','8140000','2020-04-10 21:55:24','1'),
('3','8141000','2020-04-10 21:55:24','1'),
('3','8142000','2020-04-10 21:55:24','1'),
('3','8150000','2020-04-10 21:55:24','1'),
('3','8151000','2020-04-10 21:55:24','1'),
('3','8152000','2020-04-10 21:55:24','1'),
('3','8153000','2020-04-10 21:55:24','1'),
('3','8154000','2020-04-10 21:55:24','1'),
('3','8160000','2020-04-10 21:55:24','1'),
('3','8161000','2020-04-10 21:55:24','1'),
('3','8162000','2020-04-10 21:55:24','1'),
('3','8163000','2020-04-10 21:55:24','1'),
('3','8164000','2020-04-10 21:55:24','1'),
('3','8170000','2020-04-10 21:55:24','1'),
('3','8171000','2020-04-10 21:55:24','1'),
('3','8172000','2020-04-10 21:55:24','1'),
('3','8173000','2020-04-10 21:55:24','1'),
('3','8174000','2020-04-10 21:55:24','1'),
('3','8180000','2020-04-10 21:55:24','1'),
('3','8181000','2020-04-10 21:55:24','1'),
('3','8182000','2020-04-10 21:55:24','1'),
('3','8183000','2020-04-10 21:55:24','1'),
('3','8184000','2020-04-10 21:55:24','1'),
('3','8200000','2020-04-10 21:55:24','1'),
('3','8210000','2020-04-10 21:55:24','1'),
('3','8220000','2020-04-10 21:55:24','1'),
('3','8230000','2020-04-10 21:55:24','1'),
('3','8240000','2020-04-10 21:55:24','1'),
('3','82dcc2e0e8ca1c0f8bd4c424a5dda5c5','2020-04-10 21:55:24','1'),
('3','8300000','2020-04-10 21:55:24','1'),
('3','8310000','2020-04-10 21:55:24','1'),
('3','8320000','2020-04-10 21:55:24','1'),
('3','8330000','2020-04-10 21:55:24','1'),
('3','8340000','2020-04-10 21:55:24','1'),
('3','8398b906bfd903c55d3bab220d95d050','2020-04-10 21:55:24','1'),
('3','8400000','2020-04-10 21:55:24','1'),
('3','8410000','2020-04-10 21:55:24','1'),
('3','8420000','2020-04-10 21:55:24','1'),
('3','8430000','2020-04-10 21:55:24','1'),
('3','8500000','2020-04-10 21:55:24','1'),
('3','8aae802c5e76c10fb00c342870aec822','2020-04-10 21:55:24','1'),
('3','8bd8eabf33a6b8b56c04392063bade07','2020-04-10 21:55:24','1'),
('3','92e0817e3f1f38b2f307a12dfb57f973','2020-04-10 21:55:24','1'),
('3','9758015e84ca9001f54651db3e215f22','2020-04-10 21:55:24','1'),
('3','997766d975fecca2bbc6d87a1ffa33bc','2020-04-10 21:55:24','1'),
('3','99de545b2709c749074253793b0b3579','2020-04-10 21:55:24','1'),
('3','9a41a7f503b9ee40f552b8c39d6860a4','2020-04-10 21:55:24','1'),
('3','9de3c01d50199f569d58979adba94190','2020-04-10 21:55:24','1'),
('3','a020c0eda490bc5acbbdab8aed5de286','2020-04-10 21:55:24','1'),
('3','a18a3759214257e8ad00b4e8e250b097','2020-04-10 21:55:24','1'),
('3','a1b97d911a253bbb7984d914423edab1','2020-04-10 21:55:24','1'),
('3','a1d5a717939198826962f7621f86f53d','2020-04-10 21:55:24','1'),
('3','a24da84b7de0787d578d5f60c3803d2f','2020-04-10 21:55:24','1'),
('3','a263bd8cbe22bceab8ecd4f6e2b827b4','2020-04-10 21:55:24','1'),
('3','a96328161a39450238e8cafa243b7c35','2020-04-10 21:55:24','1'),
('3','ae0619ea3e5b86a3e382081680785f7e','2020-04-10 21:55:24','1'),
('3','b7fb7e7511057c292f4e7a567803e49c','2020-04-10 21:55:24','1'),
('3','ba1273686386588c78b20b93fcb1779f','2020-04-10 21:55:24','1'),
('3','bec7e2f7cf4ad760bbe550fa05f7eec4','2020-04-10 21:55:24','1'),
('3','bf99fd6d49b5db3a107848984daff0ba','2020-04-10 21:55:24','1'),
('3','c0ed022164dbf21954ef79dfb3d70ed3','2020-04-10 21:55:24','1'),
('3','c247293edbfc0ee004f413cb6ee654cd','2020-04-10 21:55:24','1'),
('3','c35e06fc6b2b474a14aff1d7a69aaef9','2020-04-10 21:55:24','1'),
('3','cb3e50350c8d982ee23474146281f7ed','2020-04-10 21:55:24','1'),
('3','d2d722dc5a535b918e8edc711e77d5c6','2020-04-10 21:55:24','1'),
('3','d56d79f193c43e90ef3bef5b1d19bee8','2020-04-10 21:55:24','1'),
('3','d9c8041c62c50f859b049e86357d1c41','2020-04-10 21:55:24','1'),
('3','db95df20df51a46afa7935f38efb7360','2020-04-10 21:55:24','1'),
('3','e2ab8932bc86ad98b917c22731205caa','2020-04-10 21:55:24','1'),
('3','e3a14107a9e90f90922f7053a379a719','2020-04-10 21:55:24','1'),
('3','e6a73489db9ef754101570b0e6d0d2e5','2020-04-10 21:55:24','1'),
('3','e6ae905517592d8b3f30a0a5a1bfb65b','2020-04-10 21:55:24','1'),
('3','e9c150621e6bcfd7f0cea479d2ab9236','2020-04-10 21:55:24','1'),
('3','eace6e697073de815152466b9c493c4d','2020-04-10 21:55:24','1'),
('3','ec18bd25c6ed99faaa7cc8190fa23db1','2020-04-10 21:55:24','1'),
('3','ec1b689468ac0eab23713ce41273ae4b','2020-04-10 21:55:24','1'),
('3','ec21dec4d5791af4e30c34f7d077f06d','2020-04-10 21:55:24','1'),
('3','edcaca9d4cc487aefe2c0c043bb95c30','2020-04-10 21:55:24','1'),
('3','f277b11dd1a5bafe707e4694eb506899','2020-04-10 21:55:24','1'),
('3','f4eae5341815bec413ef64e3e6524385','2020-04-10 21:55:24','1'),
('3','f513f9e7cb53c16e5de982e12268b070','2020-04-10 21:55:24','1'),
('3','f6cb055276971023060a341236237bb2','2020-04-10 21:55:24','1'),
('3','f9ef6fbe98f64ab0f0076d9d51a34f2e','2020-04-10 21:55:24','1'),
('3','fda6b16ece50ede8a7a5bb16213753d0','2020-04-10 21:55:24','1'),
('3','fe8074f23fa08934775bc7d06401fd3f','2020-04-10 21:55:24','1'),
('3','fef4dfeeb78c4f299e0e6e1a43be3585','2020-04-10 21:55:24','1');

/*Table structure for table `sys_user` */

DROP TABLE IF EXISTS `sys_user`;

CREATE TABLE `sys_user` (
  `id` varchar(32) CHARACTER SET utf8mb4 COLLATE utf8mb4_bin NOT NULL COMMENT '主键ID',
  `username` varchar(64) CHARACTER SET utf8mb4 COLLATE utf8mb4_bin NOT NULL COMMENT '用户名',
  `email` varchar(64) CHARACTER SET utf8mb4 COLLATE utf8mb4_bin DEFAULT NULL COMMENT '邮箱',
  `password` varchar(255) CHARACTER SET utf8mb4 COLLATE utf8mb4_bin NOT NULL,
  `salt` varchar(255) CHARACTER SET utf8mb4 COLLATE utf8mb4_bin DEFAULT NULL COMMENT '随机盐',
  `phone` varchar(20) CHARACTER SET utf8mb4 COLLATE utf8mb4_bin DEFAULT NULL COMMENT '简介',
  `avatar` varchar(255) CHARACTER SET utf8mb4 COLLATE utf8mb4_bin DEFAULT NULL COMMENT '头像',
  `organ_id` varchar(32) CHARACTER SET utf8mb4 COLLATE utf8mb4_bin DEFAULT NULL COMMENT '机构ID',
  `create_time` timestamp NULL DEFAULT CURRENT_TIMESTAMP COMMENT '创建时间',
  `update_time` timestamp NULL DEFAULT NULL ON UPDATE CURRENT_TIMESTAMP COMMENT '修改时间',
  `lock_flag` char(1) CHARACTER SET utf8mb4 COLLATE utf8mb4_bin DEFAULT '0' COMMENT '0-正常，9-锁定',
  `del_flag` char(1) CHARACTER SET utf8mb4 COLLATE utf8mb4_bin DEFAULT '0' COMMENT '逻辑删除标记（0：显示；1：隐藏）',
  `wx_openid` varchar(32) CHARACTER SET utf8mb4 COLLATE utf8mb4_bin DEFAULT NULL COMMENT '微信openid',
  `qq_openid` varchar(32) CHARACTER SET utf8mb4 COLLATE utf8mb4_bin DEFAULT NULL COMMENT 'QQ openid',
  `tenant_id` varchar(32) CHARACTER SET utf8mb4 COLLATE utf8mb4_bin NOT NULL DEFAULT '0' COMMENT '所属租户',
  PRIMARY KEY (`id`) USING BTREE,
  UNIQUE KEY `uk_username` (`username`) USING BTREE,
  UNIQUE KEY `uk_email` (`email`) USING BTREE,
  UNIQUE KEY `uk_phone` (`phone`),
  KEY `user_wx_openid` (`wx_openid`) USING BTREE,
  KEY `user_qq_openid` (`qq_openid`) USING BTREE,
  KEY `ids_tenant_id` (`tenant_id`) USING BTREE
) ENGINE=InnoDB DEFAULT CHARSET=utf8mb4 COLLATE=utf8mb4_bin ROW_FORMAT=DYNAMIC COMMENT='用户表';

/*Data for the table `sys_user` */

insert  into `sys_user`(`id`,`username`,`email`,`password`,`salt`,`phone`,`avatar`,`organ_id`,`create_time`,`update_time`,`lock_flag`,`del_flag`,`wx_openid`,`qq_openid`,`tenant_id`) values 
('1','admin','688888888@qq.com','$2a$10$BgHeS08jIQu1kSoz9cMCf.ujukjkgIeqFlrEg6F8x2y9e8H5S7iXK',NULL,'15802625867','http://joolun-base-test.oss-cn-zhangjiakou.aliyuncs.com/5.png','1','2018-04-20 07:15:18','2021-10-21 18:48:00','0','0','',NULL,'1'),
('1447497471722319874','test','56616165@qq.com','$2a$10$inH1X1QY57wBU84QgPeSeOVSMmoBl7qfWcb0m6xBlZmpg31Rl72tC',NULL,'18623653214',NULL,'1','2021-10-11 17:41:05',NULL,'0','0',NULL,NULL,'1'),
('4','admin2',NULL,'$2a$10$QOfWxxFyAMmEEmnuw9UI/..1s4B4eF/u9PzE2ZaGO.ij9YfmcUy.u',NULL,'5477','http://joolun-base-test.oss-cn-zhangjiakou.aliyuncs.com/2.png','2','2019-07-27 17:02:42','2020-04-11 19:47:16','0','0',NULL,NULL,'2');

/*Table structure for table `sys_user_role` */

DROP TABLE IF EXISTS `sys_user_role`;

CREATE TABLE `sys_user_role` (
  `user_id` varchar(32) CHARACTER SET utf8 COLLATE utf8_general_ci NOT NULL COMMENT '用户ID',
  `role_id` varchar(32) CHARACTER SET utf8 COLLATE utf8_general_ci NOT NULL COMMENT '角色ID',
  `tenant_id` varchar(32) NOT NULL COMMENT '所属租户',
  PRIMARY KEY (`user_id`,`role_id`) USING BTREE
) ENGINE=InnoDB DEFAULT CHARSET=utf8mb3 ROW_FORMAT=DYNAMIC COMMENT='用户角色表';

/*Data for the table `sys_user_role` */

insert  into `sys_user_role`(`user_id`,`role_id`,`tenant_id`) values 
('1','1','1'),
('1447497471722319874','1','1'),
('4','2','2');

/*!40101 SET SQL_MODE=@OLD_SQL_MODE */;
/*!40014 SET FOREIGN_KEY_CHECKS=@OLD_FOREIGN_KEY_CHECKS */;
/*!40014 SET UNIQUE_CHECKS=@OLD_UNIQUE_CHECKS */;
/*!40111 SET SQL_NOTES=@OLD_SQL_NOTES */;
